Time_angle,s1,s2,s3,s4,s5,s6,angle1,angle2,angle3,angle4,angle5,angle6,angle7,angle8,angle9,angle10
09:01.9,2378,1241,272,2259,458,231,24.23939239,75.6331766,72.19376612,32.94733669,16.22655464,35.97210066,23.40010589,61.61478245,65.64206907,175.1736557
09:01.9,2352,1218,266,2226,451,224,24.23939239,75.6331766,72.19376612,32.94733669,16.22655464,35.97210066,23.40010589,61.61478245,65.64206907,175.1736557
09:01.9,2351,1218,261,2225,451,227,24.23939239,75.6331766,72.19376612,32.94733669,16.22655464,35.97210066,23.40010589,61.61478245,65.64206907,175.1736557
09:01.9,2346,1214,262,2228,449,229,24.31939388,75.68667971,72.22795037,32.96564393,16.24797943,35.99959059,23.40019922,61.65427709,65.66465718,175.1388167
09:01.9,2345,1213,261,2224,451,225,24.31939388,75.68667971,72.22795037,32.96564393,16.24797943,35.99959059,23.40019922,61.65427709,65.66465718,175.1388167
09:01.9,2345,1214,262,2230,450,225,24.31939388,75.68667971,72.22795037,32.96564393,16.24797943,35.99959059,23.40019922,61.65427709,65.66465718,175.1388167
09:01.9,2351,1210,262,2225,451,225,24.39263844,75.73343514,72.25549308,32.98326412,16.26960731,36.02577672,23.4076067,61.68725037,65.68431272,175.0957045
09:01.9,2347,1215,269,2230,453,223,24.39263844,75.73343514,72.25549308,32.98326412,16.26960731,36.02577672,23.4076067,61.68725037,65.68431272,175.0957045
09:01.9,2352,1207,268,2246,463,230,24.39263844,75.73343514,72.25549308,32.98326412,16.26960731,36.02577672,23.4076067,61.68725037,65.68431272,175.0957045
09:01.9,2357,1209,263,2242,463,231,24.39263844,75.73343514,72.25549308,32.98326412,16.26960731,36.02577672,23.4076067,61.68725037,65.68431272,175.0957045
09:01.9,2352,1210,269,2245,461,230,24.46111908,75.7746486,72.27469597,32.99677604,16.29051128,36.0471187,23.42710626,61.71605162,65.70360364,175.0469367
09:01.9,2353,1206,265,2242,463,227,24.46111908,75.7746486,72.27469597,32.99677604,16.29051128,36.0471187,23.42710626,61.71605162,65.70360364,175.0469367
09:01.9,2352,1209,266,2246,464,223,24.46111908,75.7746486,72.27469597,32.99677604,16.29051128,36.0471187,23.42710626,61.71605162,65.70360364,175.0469367
09:01.9,2353,1204,262,2241,463,227,24.52656202,75.81222378,72.28464735,33.00362551,16.30913329,36.06090942,23.46296863,61.74368716,65.72607239,174.9935664
09:01.9,2348,1200,267,2242,467,225,24.52656202,75.81222378,72.28464735,33.00362551,16.30913329,36.06090942,23.46296863,61.74368716,65.72607239,174.9935664
09:01.9,2335,1184,259,2225,464,225,24.52656202,75.81222378,72.28464735,33.00362551,16.30913329,36.06090942,23.46296863,61.74368716,65.72607239,174.9935664
09:01.9,2334,1183,266,2228,464,226,24.52656202,75.81222378,72.28464735,33.00362551,16.30913329,36.06090942,23.46296863,61.74368716,65.72607239,174.9935664
09:01.9,2335,1183,262,2231,463,226,24.58960271,75.84712551,72.28538391,33.00387018,16.32444788,36.06719971,23.51618881,61.77133012,65.75335508,174.9359703
09:01.9,2330,1180,266,2227,467,227,24.58960271,75.84712551,72.28538391,33.00387018,16.32444788,36.06719971,23.51618881,61.77133012,65.75335508,174.9359703
09:01.9,2327,1182,259,2226,464,227,24.58960271,75.84712551,72.28538391,33.00387018,16.32444788,36.06719971,23.51618881,61.77133012,65.75335508,174.9359703
09:02.0,2331,1182,262,2227,464,225,24.6502553,75.8789933,72.27758916,32.99901351,16.33648553,36.06778606,23.58380174,61.79789906,65.78400546,174.8749347
09:02.0,2329,1178,258,2226,464,225,24.6502553,75.8789933,72.27758916,32.99901351,16.33648553,36.06778606,23.58380174,61.79789906,65.78400546,174.8749347
09:02.0,2324,1170,266,2224,463,227,24.6502553,75.8789933,72.27758916,32.99901351,16.33648553,36.06778606,23.58380174,61.79789906,65.78400546,174.8749347
09:02.0,2327,1171,261,2225,464,227,24.70883618,75.90629313,72.26184183,32.99100656,16.34564316,36.06476642,23.66047494,61.82142209,65.81470278,174.8119729
09:02.0,2321,1169,263,2226,464,225,24.70883618,75.90629313,72.26184183,32.99100656,16.34564316,36.06476642,23.66047494,61.82142209,65.81470278,174.8119729
09:02.0,2325,1171,263,2229,462,225,24.70883618,75.90629313,72.26184183,32.99100656,16.34564316,36.06476642,23.66047494,61.82142209,65.81470278,174.8119729
09:02.0,2326,1180,261,2230,462,228,24.70883618,75.90629313,72.26184183,32.99100656,16.34564316,36.06476642,23.66047494,61.82142209,65.81470278,174.8119729
09:02.0,2323,1171,269,2231,459,224,24.76564508,75.92737032,72.23864095,32.9819695,16.35268867,36.06031489,23.74140689,61.83986517,65.84212016,174.7486943
09:02.0,2323,1174,259,2226,460,225,24.76564508,75.92737032,72.23864095,32.9819695,16.35268867,36.06031489,23.74140689,61.83986517,65.84212016,174.7486943
09:02.0,2331,1196,263,2224,458,224,24.76564508,75.92737032,72.23864095,32.9819695,16.35268867,36.06031489,23.74140689,61.83986517,65.84212016,174.7486943
09:02.0,2327,1197,260,2224,456,223,24.82047398,75.94063892,72.2077825,32.97338828,16.35760223,36.05551099,23.82419782,61.85219777,65.86462201,174.6864774
09:02.0,2324,1197,271,2224,455,227,24.82047398,75.94063892,72.2077825,32.97338828,16.35760223,36.05551099,23.82419782,61.85219777,65.86462201,174.6864774
09:02.0,2335,1199,264,2223,454,227,24.82047398,75.94063892,72.2077825,32.97338828,16.35760223,36.05551099,23.82419782,61.85219777,65.86462201,174.6864774
09:02.0,2337,1194,264,2224,455,226,24.82047398,75.94063892,72.2077825,32.97338828,16.35760223,36.05551099,23.82419782,61.85219777,65.86462201,174.6864774
09:02.0,2329,1201,256,2226,451,222,24.87316393,75.94510687,72.1684439,32.96570184,16.36049149,36.05059027,23.90932165,61.85768625,65.88163598,174.6265238
09:02.0,2333,1201,261,2224,455,224,24.87316393,75.94510687,72.1684439,32.96570184,16.36049149,36.05059027,23.90932165,61.85768625,65.88163598,174.6265238
09:02.0,2334,1215,258,2223,453,224,24.87316393,75.94510687,72.1684439,32.96570184,16.36049149,36.05059027,23.90932165,61.85768625,65.88163598,174.6265238
09:02.0,2331,1209,259,2219,451,224,24.92416391,75.94008595,72.11907964,32.9586369,16.36163027,36.04515329,23.99963188,61.8558676,65.89328356,174.568768
09:02.0,2330,1203,258,2221,454,223,24.92416391,75.94008595,72.11907964,32.9586369,16.36163027,36.04515329,23.99963188,61.8558676,65.89328356,174.568768
09:02.0,2332,1202,263,2219,453,223,24.92416391,75.94008595,72.11907964,32.9586369,16.36163027,36.04515329,23.99963188,61.8558676,65.89328356,174.568768
09:02.0,2331,1201,261,2218,454,222,24.92416391,75.94008595,72.11907964,32.9586369,16.36163027,36.04515329,23.99963188,61.8558676,65.89328356,174.568768
09:02.0,2331,1203,263,2217,454,225,24.97458583,75.92533782,72.05798288,32.95144189,16.36107178,36.03822941,24.0990257,61.84707081,65.90049596,174.5122366
09:02.0,2331,1206,257,2218,453,223,24.97458583,75.92533782,72.05798288,32.95144189,16.36107178,36.03822941,24.0990257,61.84707081,65.90049596,174.5122366
09:02.0,2322,1199,261,2207,450,222,24.97458583,75.92533782,72.05798288,32.95144189,16.36107178,36.03822941,24.0990257,61.84707081,65.90049596,174.5122366
09:02.0,2323,1200,256,2214,451,222,25.02825184,75.90074628,71.9825037,32.94283374,16.35882071,36.0285059,24.21183255,61.83192266,65.90375217,174.4579348
09:02.0,2322,1200,265,2209,451,221,25.02825184,75.90074628,71.9825037,32.94283374,16.35882071,36.0285059,24.21183255,61.83192266,65.90375217,174.4579348
09:02.0,2326,1202,258,2215,450,222,25.02825184,75.90074628,71.9825037,32.94283374,16.35882071,36.0285059,24.21183255,61.83192266,65.90375217,174.4579348
09:02.0,2321,1198,257,2214,450,224,25.09189363,75.86512009,71.88795263,32.93133045,16.35461137,36.01452956,24.34262159,61.81045835,65.90204952,174.4088246
09:02.0,2321,1193,262,2211,450,222,25.09189363,75.86512009,71.88795263,32.93133045,16.35461137,36.01452956,24.34262159,61.81045835,65.90204952,174.4088246
09:02.0,2321,1197,259,2214,450,219,25.09189363,75.86512009,71.88795263,32.93133045,16.35461137,36.01452956,24.34262159,61.81045835,65.90204952,174.4088246
09:02.0,2320,1200,257,2213,450,222,25.09189363,75.86512009,71.88795263,32.93133045,16.35461137,36.01452956,24.34262159,61.81045835,65.90204952,174.4088246
09:02.0,2320,1202,258,2218,449,221,25.17366547,75.81660698,71.76862201,32.91632029,16.34819166,35.99577913,24.49616646,61.78202679,65.89349484,174.3663784
09:02.0,2317,1200,260,2217,448,221,25.17366547,75.81660698,71.76862201,32.91632029,16.34819166,35.99577913,24.49616646,61.78202679,65.89349484,174.3663784
09:02.0,2317,1202,256,2219,449,223,25.17366547,75.81660698,71.76862201,32.91632029,16.34819166,35.99577913,24.49616646,61.78202679,65.89349484,174.3663784
09:02.0,2319,1207,262,2217,449,219,25.26707278,75.76009389,71.62979083,32.89777957,16.33980671,35.97250865,24.67594439,61.74955794,65.88465877,174.3165175
09:02.0,2320,1205,259,2215,450,222,25.26707278,75.76009389,71.62979083,32.89777957,16.33980671,35.97250865,24.67594439,61.74955794,65.88465877,174.3165175
09:02.0,2318,1207,265,2214,448,221,25.26707278,75.76009389,71.62979083,32.89777957,16.33980671,35.97250865,24.67594439,61.74955794,65.88465877,174.3165175
09:02.0,2320,1232,257,2208,448,221,25.26707278,75.76009389,71.62979083,32.89777957,16.33980671,35.97250865,24.67594439,61.74955794,65.88465877,174.3165175
09:02.0,2317,1235,262,2211,447,221,25.35132724,75.70743342,71.48817284,32.87601308,16.32957214,35.94511476,24.88356396,61.72059861,65.89162202,174.2366989
09:02.0,2319,1242,263,2211,448,220,25.35132724,75.70743342,71.48817284,32.87601308,16.32957214,35.94511476,24.88356396,61.72059861,65.89162202,174.2366989
09:02.0,2320,1251,259,2210,444,221,25.35132724,75.70743342,71.48817284,32.87601308,16.32957214,35.94511476,24.88356396,61.72059861,65.89162202,174.2366989
09:02.1,2320,1251,263,2211,445,215,25.41901719,75.6605481,71.34858569,32.85117029,16.31746348,35.91362784,25.11767754,61.69587924,65.91785532,174.1177783
09:02.1,2320,1258,259,2209,448,220,25.41901719,75.6605481,71.34858569,32.85117029,16.31746348,35.91362784,25.11767754,61.69587924,65.91785532,174.1177783
09:02.1,2320,1264,260,2210,445,219,25.41901719,75.6605481,71.34858569,32.85117029,16.31746348,35.91362784,25.11767754,61.69587924,65.91785532,174.1177783
09:02.1,2333,1306,256,2206,443,215,25.41901719,75.6605481,71.34858569,32.85117029,16.31746348,35.91362784,25.11767754,61.69587924,65.91785532,174.1177783
09:02.1,2329,1303,256,2209,441,217,25.47377906,75.61271404,71.20503991,32.82417579,16.30261623,35.87844213,25.37568001,61.6704955,65.9567804,173.9570271
09:02.1,2337,1309,261,2206,442,215,25.47377906,75.61271404,71.20503991,32.82417579,16.30261623,35.87844213,25.37568001,61.6704955,65.9567804,173.9570271
09:02.1,2337,1318,256,2207,447,216,25.47377906,75.61271404,71.20503991,32.82417579,16.30261623,35.87844213,25.37568001,61.6704955,65.9567804,173.9570271
09:02.1,2337,1326,262,2209,443,215,25.51864334,75.56323193,71.05804105,32.79584557,16.28378715,35.83976623,25.65257495,61.6455236,66.00729662,173.7589392
09:02.1,2338,1327,259,2209,438,213,25.51864334,75.56323193,71.05804105,32.79584557,16.28378715,35.83976623,25.65257495,61.6455236,66.00729662,173.7589392
09:02.1,2339,1331,257,2205,434,214,25.51864334,75.56323193,71.05804105,32.79584557,16.28378715,35.83976623,25.65257495,61.6455236,66.00729662,173.7589392
09:02.1,2337,1337,258,2205,439,215,25.55894082,75.51874881,70.91459756,32.76587138,16.26031319,35.79685896,25.94248005,61.62925269,66.07402793,173.5406929
09:02.1,2348,1386,262,2199,433,212,25.55894082,75.51874881,70.91459756,32.76587138,16.26031319,35.79685896,25.94248005,61.62925269,66.07402793,173.5406929
09:02.1,2346,1393,261,2198,433,208,25.55894082,75.51874881,70.91459756,32.76587138,16.26031319,35.79685896,25.94248005,61.62925269,66.07402793,173.5406929
09:02.1,2351,1391,256,2199,432,214,25.55894082,75.51874881,70.91459756,32.76587138,16.26031319,35.79685896,25.94248005,61.62925269,66.07402793,173.5406929
09:02.1,2352,1398,265,2199,432,211,25.59764581,75.48170434,70.77810857,32.73389541,16.23250359,35.7492078,26.24055767,61.62492967,66.15727935,173.3119645
09:02.1,2349,1405,258,2203,432,209,25.59764581,75.48170434,70.77810857,32.73389541,16.23250359,35.7492078,26.24055767,61.62492967,66.15727935,173.3119645
09:02.1,2347,1410,253,2203,432,215,25.59764581,75.48170434,70.77810857,32.73389541,16.23250359,35.7492078,26.24055767,61.62492967,66.15727935,173.3119645
09:02.1,2352,1411,257,2201,433,209,25.63424164,75.44833609,70.6469666,32.70000567,16.20198277,35.69757178,26.541841,61.62760582,66.25032977,173.0686515
09:02.1,2352,1462,257,2198,427,210,25.63424164,75.44833609,70.6469666,32.70000567,16.20198277,35.69757178,26.541841,61.62760582,66.25032977,173.0686515
09:02.1,2357,1471,262,2196,429,209,25.63424164,75.44833609,70.6469666,32.70000567,16.20198277,35.69757178,26.541841,61.62760582,66.25032977,173.0686515
09:02.1,2353,1476,256,2194,427,208,25.63424164,75.44833609,70.6469666,32.70000567,16.20198277,35.69757178,26.541841,61.62760582,66.25032977,173.0686515
09:02.1,2357,1473,256,2193,429,209,25.66856012,75.41647343,70.52133474,32.6643658,16.17131956,35.64363129,26.83888708,61.63236083,66.34566279,172.8078585
09:02.1,2355,1479,258,2192,425,206,25.66856012,75.41647343,70.52133474,32.6643658,16.17131956,35.64363129,26.83888708,61.63236083,66.34566279,172.8078585
09:02.1,2355,1486,250,2192,422,208,25.66856012,75.41647343,70.52133474,32.6643658,16.17131956,35.64363129,26.83888708,61.63236083,66.34566279,172.8078585
09:02.1,2357,1488,259,2193,426,208,25.70208426,75.38546475,70.40204014,32.62700803,16.14304102,35.58916985,27.12383127,61.63566349,66.43635763,172.5312539
09:02.1,2361,1525,257,2191,421,207,25.70208426,75.38546475,70.40204014,32.62700803,16.14304102,35.58916985,27.12383127,61.63566349,66.43635763,172.5312539
09:02.1,2358,1535,261,2183,416,202,25.70208426,75.38546475,70.40204014,32.62700803,16.14304102,35.58916985,27.12383127,61.63566349,66.43635763,172.5312539
09:02.1,2364,1535,254,2187,418,207,25.70208426,75.38546475,70.40204014,32.62700803,16.14304102,35.58916985,27.12383127,61.63566349,66.43635763,172.5312539
09:02.1,2364,1535,256,2183,418,206,25.7363863,75.35529972,70.28971442,32.58922622,16.11751986,35.53603127,27.39115704,61.63683429,66.51931013,172.2426885
09:02.1,2369,1535,263,2187,418,202,25.7363863,75.35529972,70.28971442,32.58922622,16.11751986,35.53603127,27.39115704,61.63683429,66.51931013,172.2426885
09:02.1,2367,1535,257,2178,419,207,25.7363863,75.35529972,70.28971442,32.58922622,16.11751986,35.53603127,27.39115704,61.63683429,66.51931013,172.2426885
09:02.1,2367,1559,261,2179,417,204,25.77280272,75.32754927,70.18620679,32.553755,16.09334847,35.48625544,27.63708078,61.63888512,66.59595199,171.949239
09:02.1,2375,1616,263,2175,411,198,25.77280272,75.32754927,70.18620679,32.553755,16.09334847,35.48625544,27.63708078,61.63888512,66.59595199,171.949239
09:02.1,2382,1616,256,2171,411,198,25.77280272,75.32754927,70.18620679,32.553755,16.09334847,35.48625544,27.63708078,61.63888512,66.59595199,171.949239
09:02.1,2381,1626,250,2166,410,203,25.81338188,75.30455435,70.09341375,32.52285513,16.0688322,35.44080405,27.85995665,61.64680974,66.6696553,171.6603306
09:02.1,2381,1629,256,2169,410,202,25.81338188,75.30455435,70.09341375,32.52285513,16.0688322,35.44080405,27.85995665,61.64680974,66.6696553,171.6603306
09:02.1,2381,1634,257,2162,411,203,25.81338188,75.30455435,70.09341375,32.52285513,16.0688322,35.44080405,27.85995665,61.64680974,66.6696553,171.6603306
09:02.1,2384,1648,255,2166,407,199,25.81338188,75.30455435,70.09341375,32.52285513,16.0688322,35.44080405,27.85995665,61.64680974,66.6696553,171.6603306
09:02.1,2384,1643,259,2165,406,198,25.85791092,75.28708542,70.01213746,32.49690174,16.04357886,35.39936773,28.05893272,61.66271177,66.74143534,171.3806054
09:02.1,2387,1683,254,2162,407,197,25.85791092,75.28708542,70.01213746,32.49690174,16.04357886,35.39936773,28.05893272,61.66271177,66.74143534,171.3806054
09:02.1,2386,1687,255,2160,404,198,25.85791092,75.28708542,70.01213746,32.49690174,16.04357886,35.39936773,28.05893272,61.66271177,66.74143534,171.3806054
09:02.2,2387,1689,253,2166,403,199,25.90502736,75.27296102,69.94001319,32.47544672,16.01870485,35.36176631,28.23576917,61.68371629,66.80886134,171.1084425
09:02.2,2386,1683,256,2161,405,196,25.90502736,75.27296102,69.94001319,32.47544672,16.01870485,35.36176631,28.23576917,61.68371629,66.80886134,171.1084425
09:02.2,2385,1696,262,2160,404,195,25.90502736,75.27296102,69.94001319,32.47544672,16.01870485,35.36176631,28.23576917,61.68371629,66.80886134,171.1084425
09:02.2,2389,1692,256,2162,403,197,25.90502736,75.27296102,69.94001319,32.47544672,16.01870485,35.36176631,28.23576917,61.68371629,66.80886134,171.1084425
09:02.2,2385,1691,258,2160,405,196,25.95621118,75.25951459,69.8727033,32.45826974,15.99606773,35.32880298,28.39437558,61.70527348,66.86818812,170.8421998
09:02.2,2385,1696,256,2159,403,196,25.95621118,75.25951459,69.8727033,32.45826974,15.99606773,35.32880298,28.39437558,61.70527348,66.86818812,170.8421998
09:02.2,2387,1698,255,2153,402,193,25.95621118,75.25951459,69.8727033,32.45826974,15.99606773,35.32880298,28.39437558,61.70527348,66.86818812,170.8421998
09:02.2,2383,1701,250,2154,402,194,26.01416129,75.24451057,69.80545805,32.4451928,15.97647948,35.30111478,28.54007638,61.72387921,66.91721917,170.5808812
09:02.2,2383,1691,261,2154,401,193,26.01416129,75.24451057,69.80545805,32.4451928,15.97647948,35.30111478,28.54007638,61.72387921,66.91721917,170.5808812
09:02.2,2384,1702,258,2154,402,194,26.01416129,75.24451057,69.80545805,32.4451928,15.97647948,35.30111478,28.54007638,61.72387921,66.91721917,170.5808812
09:02.2,2385,1697,257,2157,400,192,26.01416129,75.24451057,69.80545805,32.4451928,15.97647948,35.30111478,28.54007638,61.72387921,66.91721917,170.5808812
09:02.2,2384,1701,256,2155,403,194,26.08073935,75.22619163,69.73433815,32.435816,15.95979344,35.2786931,28.67796421,61.7373053,66.95529722,170.3240517
09:02.2,2373,1701,259,2147,400,193,26.08073935,75.22619163,69.73433815,32.435816,15.95979344,35.2786931,28.67796421,61.7373053,66.95529722,170.3240517
09:02.2,2379,1703,256,2146,402,190,26.08073935,75.22619163,69.73433815,32.435816,15.95979344,35.2786931,28.67796421,61.7373053,66.95529722,170.3240517
09:02.2,2383,1706,260,2144,403,191,26.15854188,75.20381905,69.65657418,32.42993868,15.94449101,35.2609918,28.81138256,61.74605115,66.98337675,170.0728237
09:02.2,2384,1709,260,2148,400,191,26.15854188,75.20381905,69.65657418,32.42993868,15.94449101,35.2609918,28.81138256,61.74605115,66.98337675,170.0728237
09:02.2,2383,1712,257,2143,401,190,26.15854188,75.20381905,69.65657418,32.42993868,15.94449101,35.2609918,28.81138256,61.74605115,66.98337675,170.0728237
09:02.2,2375,1702,258,2143,400,192,26.15854188,75.20381905,69.65657418,32.42993868,15.94449101,35.2609918,28.81138256,61.74605115,66.98337675,170.0728237
09:02.2,2384,1703,259,2142,400,190,26.24601028,75.17595256,69.57076554,32.42661276,15.92890709,35.24647659,28.9410948,61.75000822,67.00192902,169.8245127
09:02.2,2381,1712,256,2141,400,190,26.24601028,75.17595256,69.57076554,32.42661276,15.92890709,35.24647659,28.9410948,61.75000822,67.00192902,169.8245127
09:02.2,2377,1710,256,2138,400,187,26.24601028,75.17595256,69.57076554,32.42661276,15.92890709,35.24647659,28.9410948,61.75000822,67.00192902,169.8245127
09:02.2,2374,1710,252,2138,400,188,26.24601028,75.17595256,69.57076554,32.42661276,15.92890709,35.24647659,28.9410948,61.75000822,67.00192902,169.8245127
09:02.2,2382,1709,256,2139,400,185,26.33648758,75.14019549,69.47661351,32.42425206,15.91273871,35.23326625,29.0677206,61.74663912,67.01064882,169.5715848
09:02.2,2375,1709,256,2139,400,189,26.33648758,75.14019549,69.47661351,32.42425206,15.91273871,35.23326625,29.0677206,61.74663912,67.01064882,169.5715848
09:02.2,2377,1713,256,2138,400,190,26.42740074,75.09656097,69.37463086,32.42164882,15.89592133,35.21970818,29.19333948,61.73642707,67.01121082,169.3117216
09:02.2,2374,1709,256,2134,400,187,26.42740074,75.09656097,69.37463086,32.42164882,15.89592133,35.21970818,29.19333948,61.73642707,67.01121082,169.3117216
09:02.2,2370,1694,257,2130,401,188,26.42740074,75.09656097,69.37463086,32.42164882,15.89592133,35.21970818,29.19333948,61.73642707,67.01121082,169.3117216
09:02.2,2372,1703,256,2128,400,184,26.42740074,75.09656097,69.37463086,32.42164882,15.89592133,35.21970818,29.19333948,61.73642707,67.01121082,169.3117216
09:02.2,2367,1697,251,2129,398,178,26.51984111,75.0465418,69.2653299,32.4181071,15.87839731,35.20454913,29.32126052,61.72190653,67.00644719,169.0465088
09:02.2,2370,1707,260,2130,400,183,26.51984111,75.0465418,69.2653299,32.4181071,15.87839731,35.20454913,29.32126052,61.72190653,67.00644719,169.0465088
09:02.2,2371,1701,256,2128,400,188,26.51984111,75.0465418,69.2653299,32.4181071,15.87839731,35.20454913,29.32126052,61.72190653,67.00644719,169.0465088
09:02.2,2375,1695,256,2128,400,188,26.51984111,75.0465418,69.2653299,32.4181071,15.87839731,35.20454913,29.32126052,61.72190653,67.00644719,169.0465088
09:02.2,2369,1699,255,2131,399,189,26.61462725,74.99106454,69.14870149,32.41404059,15.85952188,35.18749153,29.45515196,61.70519237,66.99956946,168.7753881
09:02.2,2369,1699,255,2128,400,182,26.61462725,74.99106454,69.14870149,32.41404059,15.85952188,35.18749153,29.45515196,61.70519237,66.99956946,168.7753881
09:02.2,2366,1701,256,2123,400,185,26.61462725,74.99106454,69.14870149,32.41404059,15.85952188,35.18749153,29.45515196,61.70519237,66.99956946,168.7753881
09:02.2,2366,1696,250,2122,400,186,26.71330457,74.93130007,69.02472395,32.41001091,15.83813178,35.16845123,29.59803727,61.68873639,66.9938824,168.4981849
09:02.2,2366,1695,263,2124,400,182,26.71330457,74.93130007,69.02472395,32.41001091,15.83813178,35.16845123,29.59803727,61.68873639,66.9938824,168.4981849
09:02.2,2361,1696,256,2128,400,184,26.71330457,74.93130007,69.02472395,32.41001091,15.83813178,35.16845123,29.59803727,61.68873639,66.9938824,168.4981849
09:02.2,2365,1699,256,2123,400,187,26.8172282,74.86898421,68.89412201,32.40592511,15.81467158,35.14778781,29.75195271,61.67337164,66.99093534,168.2151796
09:02.2,2359,1701,250,2121,400,186,26.8172282,74.86898421,68.89412201,32.40592511,15.81467158,35.14778781,29.75195271,61.67337164,66.99093534,168.2151796
09:02.2,2354,1714,256,2118,401,184,26.8172282,74.86898421,68.89412201,32.40592511,15.81467158,35.14778781,29.75195271,61.67337164,66.99093534,168.2151796
09:02.2,2354,1714,251,2114,402,189,26.8172282,74.86898421,68.89412201,32.40592511,15.81467158,35.14778781,29.75195271,61.67337164,66.99093534,168.2151796
09:02.3,2355,1713,246,2119,401,178,26.92662485,74.80577914,68.75829656,32.40129112,15.79163232,35.12667995,29.91727448,61.65724489,66.9895653,167.9255911
09:02.3,2359,1719,257,2115,400,182,26.92662485,74.80577914,68.75829656,32.40129112,15.79163232,35.12667995,29.91727448,61.65724489,66.9895653,167.9255911
09:02.3,2358,1717,258,2113,402,183,26.92662485,74.80577914,68.75829656,32.40129112,15.79163232,35.12667995,29.91727448,61.65724489,66.9895653,167.9255911
09:02.3,2356,1723,256,2114,402,182,26.92662485,74.80577914,68.75829656,32.40129112,15.79163232,35.12667995,29.91727448,61.65724489,66.9895653,167.9255911
09:02.3,2352,1728,251,2117,401,179,27.04034062,74.74207931,68.6183816,32.39575412,15.77094674,35.10613994,30.09209658,61.63784741,66.98741635,167.6310624
09:02.3,2353,1742,258,2111,401,183,27.04034062,74.74207931,68.6183816,32.39575412,15.77094674,35.10613994,30.09209658,61.63784741,66.98741635,167.6310624
09:02.3,2350,1744,255,2112,402,182,27.15637819,74.67770877,68.47574979,32.38974506,15.75308254,35.08682917,30.27281425,61.61432199,66.98304753,167.336801
09:02.3,2352,1743,259,2115,401,179,27.15637819,74.67770877,68.47574979,32.38974506,15.75308254,35.08682917,30.27281425,61.61432199,66.98304753,167.336801
09:02.3,2352,1749,256,2113,403,183,27.15637819,74.67770877,68.47574979,32.38974506,15.75308254,35.08682917,30.27281425,61.61432199,66.98304753,167.336801
09:02.3,2350,1748,251,2112,402,181,27.15637819,74.67770877,68.47574979,32.38974506,15.75308254,35.08682917,30.27281425,61.61432199,66.98304753,167.336801
09:02.3,2352,1750,257,2112,402,179,27.15637819,74.67770877,68.47574979,32.38974506,15.75308254,35.08682917,30.27281425,61.61432199,66.98304753,167.336801
09:02.3,2353,1751,250,2112,402,177,27.27320274,74.61279981,68.33187841,32.3836335,15.73788942,35.06876698,30.45623573,61.5873561,66.97615606,167.0469356
09:02.3,2353,1757,249,2099,401,180,27.27320274,74.61279981,68.33187841,32.3836335,15.73788942,35.06876698,30.45623573,61.5873561,66.97615606,167.0469356
09:02.3,2351,1761,253,2101,404,177,27.27320274,74.61279981,68.33187841,32.3836335,15.73788942,35.06876698,30.45623573,61.5873561,66.97615606,167.0469356
09:02.3,2351,1767,257,2102,410,181,27.38995936,74.54814928,68.18852416,32.37686761,15.72489708,35.05125714,30.63862917,61.55825313,66.96649281,166.7660723
09:02.3,2352,1764,256,2102,406,180,27.38995936,74.54814928,68.18852416,32.37686761,15.72489708,35.05125714,30.63862917,61.55825313,66.96649281,166.7660723
09:02.3,2350,1771,246,2101,405,180,27.38995936,74.54814928,68.18852416,32.37686761,15.72489708,35.05125714,30.63862917,61.55825313,66.96649281,166.7660723
09:02.3,2349,1774,259,2102,406,179,27.38995936,74.54814928,68.18852416,32.37686761,15.72489708,35.05125714,30.63862917,61.55825313,66.96649281,166.7660723
09:02.3,2349,1770,256,2098,405,179,27.50677632,74.48443404,68.04662932,32.36848898,15.71341255,35.03318223,30.81745651,61.52843388,66.95391019,166.4987399
09:02.3,2352,1786,254,2096,403,180,27.50677632,74.48443404,68.04662932,32.36848898,15.71341255,35.03318223,30.81745651,61.52843388,66.95391019,166.4987399
09:02.3,2352,1782,253,2100,405,179,27.50677632,74.48443404,68.04662932,32.36848898,15.71341255,35.03318223,30.81745651,61.52843388,66.95391019,166.4987399
09:02.3,2348,1784,251,2099,405,178,27.62490364,74.42129564,67.90518045,32.35807484,15.70321326,35.01409484,30.99316032,61.49792452,66.93783693,166.2459845
09:02.3,2347,1789,256,2098,405,177,27.62490364,74.42129564,67.90518045,32.35807484,15.70321326,35.01409484,30.99316032,61.49792452,66.93783693,166.2459845
09:02.3,2351,1793,251,2097,404,176,27.62490364,74.42129564,67.90518045,32.35807484,15.70321326,35.01409484,30.99316032,61.49792452,66.93783693,166.2459845
09:02.3,2342,1798,252,2096,406,179,27.62490364,74.42129564,67.90518045,32.35807484,15.70321326,35.01409484,30.99316032,61.49792452,66.93783693,166.2459845
09:02.3,2342,1793,255,2096,407,178,27.74567609,74.35737118,67.76215246,32.34587353,15.69428053,34.99447507,31.16596441,61.46522819,66.91639,166.0081705
09:02.3,2347,1808,258,2095,409,178,27.74567609,74.35737118,67.76215246,32.34587353,15.69428053,34.99447507,31.16596441,61.46522819,66.91639,166.0081705
09:02.3,2347,1814,251,2094,410,179,27.74567609,74.35737118,67.76215246,32.34587353,15.69428053,34.99447507,31.16596441,61.46522819,66.91639,166.0081705
09:02.3,2349,1815,256,2096,407,177,27.87033723,74.29181989,67.61628684,32.33245936,15.68696408,34.97510027,31.33538127,61.42932997,66.8877471,165.7873227
09:02.3,2349,1810,257,2094,409,178,27.87033723,74.29181989,67.61628684,32.33245936,15.68696408,34.97510027,31.33538127,61.42932997,66.8877471,165.7873227
09:02.3,2347,1815,251,2091,410,177,27.87033723,74.29181989,67.61628684,32.33245936,15.68696408,34.97510027,31.33538127,61.42932997,66.8877471,165.7873227
09:02.3,2346,1823,251,2092,410,178,27.99926777,74.22397699,67.46652641,32.31836248,15.68132733,34.95626865,31.50305862,61.38992258,66.85197998,165.5844435
09:02.3,2347,1814,256,2083,410,176,27.99926777,74.22397699,67.46652641,32.31836248,15.68132733,34.95626865,31.50305862,61.38992258,66.85197998,165.5844435
09:02.3,2339,1818,256,2090,407,178,27.99926777,74.22397699,67.46652641,32.31836248,15.68132733,34.95626865,31.50305862,61.38992258,66.85197998,165.5844435
09:02.3,2351,1840,253,2084,411,176,27.99926777,74.22397699,67.46652641,32.31836248,15.68132733,34.95626865,31.50305862,61.38992258,66.85197998,165.5844435
09:02.3,2347,1840,254,2087,415,176,28.13140672,74.15326601,67.31230418,32.30400028,15.67682719,34.93772763,31.67181342,61.34734169,66.81098956,165.4016426
09:02.3,2351,1834,257,2084,411,176,28.13140672,74.15326601,67.31230418,32.30400028,15.67682719,34.93772763,31.67181342,61.34734169,66.81098956,165.4016426
09:02.3,2350,1838,260,2089,413,176,28.13140672,74.15326601,67.31230418,32.30400028,15.67682719,34.93772763,31.67181342,61.34734169,66.81098956,165.4016426
09:02.3,2351,1840,257,2090,415,176,28.26525756,74.08070292,67.15528766,32.29061583,15.6727986,34.92007817,31.84203386,61.30332124,66.76767201,165.24263
09:02.3,2352,1840,256,2084,413,176,28.26525756,74.08070292,67.15528766,32.29061583,15.6727986,34.92007817,31.84203386,61.30332124,66.76767201,165.24263
09:02.3,2352,1840,253,2087,412,176,28.26525756,74.08070292,67.15528766,32.29061583,15.6727986,34.92007817,31.84203386,61.30332124,66.76767201,165.24263
09:02.3,2359,1862,258,2086,417,176,28.26525756,74.08070292,67.15528766,32.29061583,15.6727986,34.92007817,31.84203386,61.30332124,66.76767201,165.24263
09:02.4,2355,1863,263,2081,415,176,28.39968809,74.00780993,66.99774374,32.27979857,15.66795128,34.904068,32.01256594,61.26065847,66.72528012,165.1072695
09:02.4,2358,1866,262,2082,417,176,28.39968809,74.00780993,66.99774374,32.27979857,15.66795128,34.904068,32.01256594,61.26065847,66.72528012,165.1072695
09:02.4,2362,1868,257,2079,415,176,28.39968809,74.00780993,66.99774374,32.27979857,15.66795128,34.904068,32.01256594,61.26065847,66.72528012,165.1072695
09:02.4,2361,1861,256,2087,419,176,28.53211617,73.93628604,66.84296421,32.27167451,15.66198706,34.88937197,32.18078366,61.22152945,66.68581767,164.9938972
09:02.4,2353,1866,256,2082,414,176,28.53211617,73.93628604,66.84296421,32.27167451,15.66198706,34.88937197,32.18078366,61.22152945,66.68581767,164.9938972
09:02.4,2358,1870,256,2083,416,177,28.53211617,73.93628604,66.84296421,32.27167451,15.66198706,34.88937197,32.18078366,61.22152945,66.68581767,164.9938972
09:02.4,2361,1872,260,2082,417,176,28.53211617,73.93628604,66.84296421,32.27167451,15.66198706,34.88937197,32.18078366,61.22152945,66.68581767,164.9938972
09:02.4,2359,1878,263,2078,419,176,28.65862131,73.8672309,66.69422935,32.26547166,15.65564321,34.87552796,32.34348899,61.18589103,66.64954878,164.9016674
09:02.4,2355,1877,262,2083,417,176,28.65862131,73.8672309,66.69422935,32.26547166,15.65564321,34.87552796,32.34348899,61.18589103,66.64954878,164.9016674
09:02.4,2363,1884,260,2083,419,176,28.65862131,73.8672309,66.69422935,32.26547166,15.65564321,34.87552796,32.34348899,61.18589103,66.64954878,164.9016674
09:02.4,2359,1888,259,2083,419,176,28.77761673,73.8021515,66.55409246,32.26023938,15.65044569,34.86264483,32.49803072,61.15296277,66.61550082,164.8303204
09:02.4,2359,1881,263,2077,416,176,28.77761673,73.8021515,66.55409246,32.26023938,15.65044569,34.86264483,32.49803072,61.15296277,66.61550082,164.8303204
09:02.4,2359,1885,263,2079,419,176,28.77761673,73.8021515,66.55409246,32.26023938,15.65044569,34.86264483,32.49803072,61.15296277,66.61550082,164.8303204
09:02.4,2358,1882,257,2071,419,176,28.88988966,73.74273911,66.42382559,32.25465145,15.64809092,34.85060498,32.64444038,61.12211874,66.58291946,164.7786352
09:02.4,2358,1882,256,2073,416,176,28.88988966,73.74273911,66.42382559,32.25465145,15.64809092,34.85060498,32.64444038,61.12211874,66.58291946,164.7786352
09:02.4,2355,1879,259,2072,416,176,28.88988966,73.74273911,66.42382559,32.25465145,15.64809092,34.85060498,32.64444038,61.12211874,66.58291946,164.7786352
09:02.4,2355,1883,257,2074,419,176,28.88988966,73.74273911,66.42382559,32.25465145,15.64809092,34.85060498,32.64444038,61.12211874,66.58291946,164.7786352
09:02.4,2352,1875,258,2075,416,175,28.99582704,73.68819178,66.30211732,32.24733541,15.64904804,34.83860719,32.78407236,61.09163167,66.55050458,164.7411756
09:02.4,2356,1882,262,2071,420,176,28.99582704,73.68819178,66.30211732,32.24733541,15.64904804,34.83860719,32.78407236,61.09163167,66.55050458,164.7411756
09:02.4,2361,1884,263,2069,419,176,28.99582704,73.68819178,66.30211732,32.24733541,15.64904804,34.83860719,32.78407236,61.09163167,66.55050458,164.7411756
09:02.4,2352,1883,259,2075,419,176,29.09632624,73.63621968,66.18578497,32.23744128,15.65272958,34.82593817,32.91904576,61.05931963,66.51673757,164.7104882
09:02.4,2354,1879,268,2071,415,176,29.09632624,73.63621968,66.18578497,32.23744128,15.65272958,34.82593817,32.91904576,61.05931963,66.51673757,164.7104882
09:02.4,2352,1879,266,2069,416,176,29.09632624,73.63621968,66.18578497,32.23744128,15.65272958,34.82593817,32.91904576,61.05931963,66.51673757,164.7104882
09:02.4,2355,1879,263,2075,420,175,29.09632624,73.63621968,66.18578497,32.23744128,15.65272958,34.82593817,32.91904576,61.05931963,66.51673757,164.7104882
09:02.4,2358,1883,265,2071,417,176,29.1920295,73.58467273,66.0720873,32.22451722,15.65809577,34.81199617,33.05043095,61.02371582,66.48043052,164.6817322
09:02.4,2354,1885,262,2071,417,176,29.1920295,73.58467273,66.0720873,32.22451722,15.65809577,34.81199617,33.05043095,61.02371582,66.48043052,164.6817322
09:02.4,2358,1886,257,2070,418,176,29.1920295,73.58467273,66.0720873,32.22451722,15.65809577,34.81199617,33.05043095,61.02371582,66.48043052,164.6817322
09:02.4,2358,1893,262,2071,417,175,29.28387981,73.53261613,65.95949297,32.20822793,15.66461286,34.7960442,33.17962631,60.98492627,66.44145313,164.653623
09:02.4,2361,1898,256,2069,417,176,29.28387981,73.53261613,65.95949297,32.20822793,15.66461286,34.7960442,33.17962631,60.98492627,66.44145313,164.653623
09:02.4,2355,1892,263,2069,415,176,29.28387981,73.53261613,65.95949297,32.20822793,15.66461286,34.7960442,33.17962631,60.98492627,66.44145313,164.653623
09:02.4,2366,1903,260,2066,415,175,29.28387981,73.53261613,65.95949297,32.20822793,15.66461286,34.7960442,33.17962631,60.98492627,66.44145313,164.653623
09:02.4,2368,1903,262,2066,416,175,29.37428376,73.47916492,65.84561324,32.18772412,15.67225804,34.77668598,33.31041175,60.94352301,66.39978958,164.6240801
09:02.4,2368,1902,268,2073,417,176,29.37428376,73.47916492,65.84561324,32.18772412,15.67225804,34.77668598,33.31041175,60.94352301,66.39978958,164.6240801
09:02.4,2368,1906,269,2067,417,175,29.37428376,73.47916492,65.84561324,32.18772412,15.67225804,34.77668598,33.31041175,60.94352301,66.39978958,164.6240801
09:02.4,2373,1911,261,2066,419,170,29.46717135,73.42374809,65.72747158,32.16262906,15.68050586,34.75305206,33.44754695,60.90045675,66.35603305,164.5905818
09:02.4,2368,1913,269,2068,417,176,29.46717135,73.42374809,65.72747158,32.16262906,15.68050586,34.75305206,33.44754695,60.90045675,66.35603305,164.5905818
09:02.4,2370,1920,272,2066,419,174,29.46717135,73.42374809,65.72747158,32.16262906,15.68050586,34.75305206,33.44754695,60.90045675,66.35603305,164.5905818
09:02.4,2374,1920,266,2069,418,175,29.56612087,73.36594032,65.60252231,32.13312621,15.68850052,34.72485718,33.59464597,60.85673409,66.310877,164.5509303
09:02.4,2373,1920,270,2067,419,175,29.56612087,73.36594032,65.60252231,32.13312621,15.68850052,34.72485718,33.59464597,60.85673409,66.310877,164.5509303
09:02.4,2373,1920,265,2070,417,173,29.56612087,73.36594032,65.60252231,32.13312621,15.68850052,34.72485718,33.59464597,60.85673409,66.310877,164.5509303
09:02.4,2373,1921,265,2069,419,176,29.56612087,73.36594032,65.60252231,32.13312621,15.68850052,34.72485718,33.59464597,60.85673409,66.310877,164.5509303
09:02.5,2389,1953,270,2081,423,176,29.67389575,73.30521653,65.46871811,32.09968887,15.69486775,34.69195806,33.75340864,60.81357393,66.26481792,164.5037078
09:02.5,2387,1952,263,2075,421,176,29.67389575,73.30521653,65.46871811,32.09968887,15.69486775,34.69195806,33.75340864,60.81357393,66.26481792,164.5037078
09:02.5,2395,1952,268,2085,419,177,29.67389575,73.30521653,65.46871811,32.09968887,15.69486775,34.69195806,33.75340864,60.81357393,66.26481792,164.5037078
09:02.5,2394,1955,273,2082,423,176,29.79117075,73.24306078,65.3273466,32.06278523,15.69894313,34.65464813,33.92299722,60.77287957,66.219309,164.4531561
09:02.5,2394,1957,269,2082,422,175,29.79117075,73.24306078,65.3273466,32.06278523,15.69894313,34.65464813,33.92299722,60.77287957,66.219309,164.4531561
09:02.5,2393,1965,273,2081,426,176,29.79117075,73.24306078,65.3273466,32.06278523,15.69894313,34.65464813,33.92299722,60.77287957,66.219309,164.4531561
09:02.5,2394,1967,263,2081,423,176,29.79117075,73.24306078,65.3273466,32.06278523,15.69894313,34.65464813,33.92299722,60.77287957,66.219309,164.4531561
09:02.5,2403,1979,271,2082,426,176,29.91629283,73.18207503,65.18206542,32.02224741,15.70108284,34.61311269,34.10139262,60.73614759,66.17621404,164.4070242
09:02.5,2405,1975,272,2080,428,176,29.91629283,73.18207503,65.18206542,32.02224741,15.70108284,34.61311269,34.10139262,60.73614759,66.17621404,164.4070242
09:02.5,2410,1977,276,2078,421,175,29.91629283,73.18207503,65.18206542,32.02224741,15.70108284,34.61311269,34.10139262,60.73614759,66.17621404,164.4070242
09:02.5,2410,1982,272,2079,426,173,30.04799999,73.12363686,65.03506283,31.9774626,15.70275119,34.56739428,34.28758773,60.7031334,66.13536482,164.3699127
09:02.5,2409,1983,267,2081,429,176,30.04799999,73.12363686,65.03506283,31.9774626,15.70275119,34.56739428,34.28758773,60.7031334,66.13536482,164.3699127
09:02.5,2405,1982,272,2078,425,176,30.04799999,73.12363686,65.03506283,31.9774626,15.70275119,34.56739428,34.28758773,60.7031334,66.13536482,164.3699127
09:02.5,2410,1985,272,2079,426,176,30.04799999,73.12363686,65.03506283,31.9774626,15.70275119,34.56739428,34.28758773,60.7031334,66.13536482,164.3699127
09:02.5,2416,2010,281,2080,431,177,30.1861318,73.06712086,64.88594757,31.92888486,15.70530691,34.51853723,34.48105256,60.67193086,66.09469031,164.3421615
09:02.5,2411,2001,275,2082,429,176,30.1861318,73.06712086,64.88594757,31.92888486,15.70530691,34.51853723,34.48105256,60.67193086,66.09469031,164.3421615
09:02.5,2416,2002,272,2080,427,174,30.1861318,73.06712086,64.88594757,31.92888486,15.70530691,34.51853723,34.48105256,60.67193086,66.09469031,164.3421615
09:02.5,2416,2007,277,2079,428,175,30.33040097,73.010572,64.73332055,31.87845161,15.70975954,34.46899615,34.67880496,60.63959186,66.05025916,164.3201036
09:02.5,2416,2007,275,2081,427,176,30.33040097,73.010572,64.73332055,31.87845161,15.70975954,34.46899615,34.67880496,60.63959186,66.05025916,164.3201036
09:02.5,2415,2003,277,2080,429,176,30.33040097,73.010572,64.73332055,31.87845161,15.70975954,34.46899615,34.67880496,60.63959186,66.05025916,164.3201036
09:02.5,2416,2015,275,2082,427,176,30.47894313,72.95151764,64.57606865,31.82755059,15.71635626,34.42039822,34.87623201,60.60325731,65.99800443,164.2974046
09:02.5,2423,2023,279,2078,428,176,30.47894313,72.95151764,64.57606865,31.82755059,15.71635626,34.42039822,34.87623201,60.60325731,65.99800443,164.2974046
09:02.5,2423,2026,288,2075,429,175,30.47894313,72.95151764,64.57606865,31.82755059,15.71635626,34.42039822,34.87623201,60.60325731,65.99800443,164.2974046
09:02.5,2422,2032,278,2078,431,173,30.47894313,72.95151764,64.57606865,31.82755059,15.71635626,34.42039822,34.87623201,60.60325731,65.99800443,164.2974046
09:02.5,2421,2032,274,2075,432,171,30.62849222,72.88712236,64.41278271,31.77648956,15.72401897,34.37256314,35.07306272,60.56068834,65.93751007,164.2712966
09:02.5,2427,2034,273,2074,427,180,30.62849222,72.88712236,64.41278271,31.77648956,15.72401897,34.37256314,35.07306272,60.56068834,65.93751007,164.2712966
09:02.5,2426,2033,278,2075,429,171,30.62849222,72.88712236,64.41278271,31.77648956,15.72401897,34.37256314,35.07306272,60.56068834,65.93751007,164.2712966
09:02.5,2421,2035,276,2074,429,172,30.7751233,72.81498772,64.24301759,31.72608839,15.7305288,34.32495537,35.26817659,60.51167287,65.87015713,164.2430583
09:02.5,2430,2045,283,2071,430,174,30.7751233,72.81498772,64.24301759,31.72608839,15.7305288,34.32495537,35.26817659,60.51167287,65.87015713,164.2430583
09:02.5,2433,2058,282,2074,431,176,30.7751233,72.81498772,64.24301759,31.72608839,15.7305288,34.32495537,35.26817659,60.51167287,65.87015713,164.2430583
09:02.5,2432,2053,286,2074,430,175,30.7751233,72.81498772,64.24301759,31.72608839,15.7305288,34.32495537,35.26817659,60.51167287,65.87015713,164.2430583
09:02.5,2435,2047,282,2075,429,175,30.91531281,72.73415881,64.0679674,31.67795272,15.73365673,34.27764591,35.45808691,60.4578468,65.79771518,164.2136581
09:02.5,2439,2061,284,2070,430,172,30.91531281,72.73415881,64.0679674,31.67795272,15.73365673,34.27764591,35.45808691,60.4578468,65.79771518,164.2136581
09:02.5,2433,2055,287,2070,432,172,30.91531281,72.73415881,64.0679674,31.67795272,15.73365673,34.27764591,35.45808691,60.4578468,65.79771518,164.2136581
09:02.5,2433,2059,281,2074,430,174,31.0460422,72.64481009,63.88961378,31.63391088,15.73214385,34.23149075,35.64070233,60.40056931,65.72279854,164.183922
09:02.5,2438,2074,285,2069,434,173,31.0460422,72.64481009,63.88961378,31.63391088,15.73214385,34.23149075,35.64070233,60.40056931,65.72279854,164.183922
09:02.5,2442,2074,284,2069,431,170,31.0460422,72.64481009,63.88961378,31.63391088,15.73214385,34.23149075,35.64070233,60.40056931,65.72279854,164.183922
09:02.5,2443,2075,284,2069,432,172,31.0460422,72.64481009,63.88961378,31.63391088,15.73214385,34.23149075,35.64070233,60.40056931,65.72279854,164.183922
09:02.5,2437,2079,284,2071,432,174,31.16507162,72.54851359,63.71088546,31.59549501,15.7251638,34.18721824,35.81533753,60.34214804,65.64942002,164.1563354
09:02.5,2439,2087,291,2070,432,174,31.16507162,72.54851359,63.71088546,31.59549501,15.7251638,34.18721824,35.81533753,60.34214804,65.64942002,164.1563354
09:02.5,2446,2078,286,2067,432,173,31.16507162,72.54851359,63.71088546,31.59549501,15.7251638,34.18721824,35.81533753,60.34214804,65.64942002,164.1563354
09:02.6,2439,2082,288,2070,432,175,31.27140037,72.44824442,63.53541622,31.56290657,15.71303497,34.14514039,35.98219806,60.28466341,65.58130621,164.1342745
09:02.6,2446,2083,287,2069,432,174,31.27140037,72.44824442,63.53541622,31.56290657,15.71303497,34.14514039,35.98219806,60.28466341,65.58130621,164.1342745
09:02.6,2439,2089,286,2065,431,172,31.27140037,72.44824442,63.53541622,31.56290657,15.71303497,34.14514039,35.98219806,60.28466341,65.58130621,164.1342745
09:02.6,2438,2087,287,2066,432,174,31.36436479,72.34701623,63.36669896,31.53555118,15.69706858,34.10586064,36.14096184,60.22825307,65.52040325,164.1199294
09:02.6,2441,2085,296,2064,430,171,31.36436479,72.34701623,63.36669896,31.53555118,15.69706858,34.10586064,36.14096184,60.22825307,65.52040325,164.1199294
09:02.6,2439,2086,288,2063,432,173,31.36436479,72.34701623,63.36669896,31.53555118,15.69706858,34.10586064,36.14096184,60.22825307,65.52040325,164.1199294
09:02.6,2435,2087,290,2061,430,169,31.36436479,72.34701623,63.36669896,31.53555118,15.69706858,34.10586064,36.14096184,60.22825307,65.52040325,164.1199294
09:02.6,2437,2091,286,2063,431,170,31.44459611,72.24702968,63.20668679,31.51221971,15.67874027,34.06954152,36.29157943,60.17236104,65.46685346,164.1129778
09:02.6,2433,2093,290,2055,431,171,31.44459611,72.24702968,63.20668679,31.51221971,15.67874027,34.06954152,36.29157943,60.17236104,65.46685346,164.1129778
09:02.6,2437,2087,291,2055,431,173,31.44459611,72.24702968,63.20668679,31.51221971,15.67874027,34.06954152,36.29157943,60.17236104,65.46685346,164.1129778
09:02.6,2435,2085,288,2057,431,173,31.51281105,72.14848117,63.05523933,31.49095401,15.65902331,34.03513116,36.43365372,60.11582252,65.41866509,164.1103993
09:02.6,2438,2091,292,2055,432,171,31.51281105,72.14848117,63.05523933,31.49095401,15.65902331,34.03513116,36.43365372,60.11582252,65.41866509,164.1103993
09:02.6,2432,2082,289,2058,430,171,31.51281105,72.14848117,63.05523933,31.49095401,15.65902331,34.03513116,36.43365372,60.11582252,65.41866509,164.1103993
09:02.6,2432,2091,289,2061,431,172,31.51281105,72.14848117,63.05523933,31.49095401,15.65902331,34.03513116,36.43365372,60.11582252,65.41866509,164.1103993
09:02.6,2434,2085,288,2055,429,170,31.56802672,72.05004339,62.91168872,31.47068499,15.63815949,34.00182008,36.5651881,60.0570857,65.37330173,164.1097455
09:02.6,2433,2091,294,2058,430,170,31.56802672,72.05004339,62.91168872,31.47068499,15.63815949,34.00182008,36.5651881,60.0570857,65.37330173,164.1097455
09:02.6,2427,2094,294,2045,431,171,31.56802672,72.05004339,62.91168872,31.47068499,15.63815949,34.00182008,36.5651881,60.0570857,65.37330173,164.1097455
09:02.6,2431,2087,293,2047,430,170,31.6081828,71.94982648,62.77547038,31.45110502,15.6162679,33.9692277,36.68296847,59.99454306,65.32793021,164.1086192
09:02.6,2430,2085,294,2042,430,169,31.6081828,71.94982648,62.77547038,31.45110502,15.6162679,33.9692277,36.68296847,59.99454306,65.32793021,164.1086192
09:02.6,2432,2093,292,2053,429,171,31.6081828,71.94982648,62.77547038,31.45110502,15.6162679,33.9692277,36.68296847,59.99454306,65.32793021,164.1086192
09:02.6,2430,2087,295,2047,429,169,31.6081828,71.94982648,62.77547038,31.45110502,15.6162679,33.9692277,36.68296847,59.99454306,65.32793021,164.1086192
09:02.6,2430,2094,294,2039,431,171,31.63148484,71.84608091,62.64602364,31.43249653,15.5931422,33.93726842,36.78348001,59.9273425,65.28003201,164.103612
09:02.6,2432,2085,298,2047,430,170,31.63148484,71.84608091,62.64602364,31.43249653,15.5931422,33.93726842,36.78348001,59.9273425,65.28003201,164.103612
09:02.6,2430,2102,301,2042,429,169,31.63148484,71.84608091,62.64602364,31.43249653,15.5931422,33.93726842,36.78348001,59.9273425,65.28003201,164.103612
09:02.6,2423,2106,303,2039,426,167,31.63710914,71.73894961,62.52415059,31.41552756,15.5689059,33.9065151,36.86391718,59.85583633,65.22870855,164.0936808
09:02.6,2426,2101,300,2040,429,169,31.63710914,71.73894961,62.52415059,31.41552756,15.5689059,33.9065151,36.86391718,59.85583633,65.22870855,164.0936808
09:02.6,2421,2107,303,2039,427,167,31.63710914,71.73894961,62.52415059,31.41552756,15.5689059,33.9065151,36.86391718,59.85583633,65.22870855,164.0936808
09:02.6,2429,2107,300,2035,426,169,31.63710914,71.73894961,62.52415059,31.41552756,15.5689059,33.9065151,36.86391718,59.85583633,65.22870855,164.0936808
09:02.6,2423,2106,301,2033,427,170,31.62732754,71.63156158,62.41188382,31.40028384,15.54410855,33.87737285,36.92395274,59.78273586,65.1752117,164.0803398
09:02.6,2426,2110,302,2035,429,170,31.62732754,71.63156158,62.41188382,31.40028384,15.54410855,33.87737285,36.92395274,59.78273586,65.1752117,164.0803398
09:02.6,2423,2112,301,2033,430,169,31.62732754,71.63156158,62.41188382,31.40028384,15.54410855,33.87737285,36.92395274,59.78273586,65.1752117,164.0803398
09:02.6,2429,2113,302,2035,426,167,31.62732754,71.63156158,62.41188382,31.40028384,15.54410855,33.87737285,36.92395274,59.78273586,65.1752117,164.0803398
09:02.6,2425,2110,306,2032,427,168,31.60655751,71.52744209,62.31034036,31.38573979,15.52010101,33.84984675,36.9649103,59.71014473,65.1196864,164.0644811
09:02.6,2420,2112,304,2032,426,166,31.60655751,71.52744209,62.31034036,31.38573979,15.52010101,33.84984675,36.9649103,59.71014473,65.1196864,164.0644811
09:02.6,2425,2113,303,2032,426,169,31.57906331,71.42898248,62.21945781,31.37145275,15.49784612,33.82427803,36.98945437,59.63935728,65.06256431,164.0464399
09:02.6,2426,2115,303,2032,425,162,31.57906331,71.42898248,62.21945781,31.37145275,15.49784612,33.82427803,36.98945437,59.63935728,65.06256431,164.0464399
09:02.6,2423,2112,303,2032,427,167,31.57906331,71.42898248,62.21945781,31.37145275,15.49784612,33.82427803,36.98945437,59.63935728,65.06256431,164.0464399
09:02.6,2421,2103,309,2033,426,166,31.57906331,71.42898248,62.21945781,31.37145275,15.49784612,33.82427803,36.98945437,59.63935728,65.06256431,164.0464399
09:02.6,2424,2106,300,2033,425,164,31.54869203,71.3380402,62.138805,31.35721074,15.47819964,33.80099247,37.0014756,59.57139562,65.00493245,164.0269487
09:02.6,2421,2113,304,2032,422,165,31.54869203,71.3380402,62.138805,31.35721074,15.47819964,33.80099247,37.0014756,59.57139562,65.00493245,164.0269487
09:02.6,2415,2103,305,2032,423,170,31.54869203,71.3380402,62.138805,31.35721074,15.47819964,33.80099247,37.0014756,59.57139562,65.00493245,164.0269487
09:02.6,2418,2106,304,2031,421,163,31.54869203,71.3380402,62.138805,31.35721074,15.47819964,33.80099247,37.0014756,59.57139562,65.00493245,164.0269487
09:02.7,2416,2110,304,2031,423,169,31.5188649,71.25624071,62.06799159,31.34302626,15.46181292,33.78030325,37.00457022,59.50745949,64.94801919,164.0061177
09:02.7,2417,2107,305,2031,427,166,31.5188649,71.25624071,62.06799159,31.34302626,15.46181292,33.78030325,37.00457022,59.50745949,64.94801919,164.0061177
09:02.7,2415,2096,304,2021,419,163,31.5188649,71.25624071,62.06799159,31.34302626,15.46181292,33.78030325,37.00457022,59.50745949,64.94801919,164.0061177
09:02.7,2418,2099,307,2027,421,165,31.49208904,71.18459467,62.00654256,31.32942067,15.44865274,33.76272392,37.00145015,59.44865083,64.89325821,163.983497
09:02.7,2416,2107,305,2025,417,165,31.49208904,71.18459467,62.00654256,31.32942067,15.44865274,33.76272392,37.00145015,59.44865083,64.89325821,163.983497
09:02.7,2416,2096,304,2027,419,167,31.49208904,71.18459467,62.00654256,31.32942067,15.44865274,33.76272392,37.00145015,59.44865083,64.89325821,163.983497
09:02.7,2416,2099,304,2025,417,163,31.46957706,71.12261951,61.95316297,31.31661655,15.4383175,33.74826691,36.99406345,59.39500279,64.84106036,163.9582992
09:02.7,2416,2102,310,2021,417,167,31.46957706,71.12261951,61.95316297,31.31661655,15.4383175,33.74826691,36.99406345,59.39500279,64.84106036,163.9582992
09:02.7,2417,2096,309,2026,419,163,31.46957706,71.12261951,61.95316297,31.31661655,15.4383175,33.74826691,36.99406345,59.39500279,64.84106036,163.9582992
09:02.7,2415,2109,307,2027,418,164,31.46957706,71.12261951,61.95316297,31.31661655,15.4383175,33.74826691,36.99406345,59.39500279,64.84106036,163.9582992
09:02.7,2416,2093,304,2021,415,164,31.45115992,71.06898899,61.90650524,31.30455721,15.42984139,33.73611243,36.98336258,59.34679165,64.79164793,163.929287
09:02.7,2416,2099,305,2021,415,165,31.45115992,71.06898899,61.90650524,31.30455721,15.42984139,33.73611243,36.98336258,59.34679165,64.79164793,163.929287
09:02.7,2416,2096,307,2026,414,165,31.45115992,71.06898899,61.90650524,31.30455721,15.42984139,33.73611243,36.98336258,59.34679165,64.79164793,163.929287
09:02.7,2416,2096,313,2021,417,164,31.45115992,71.06898899,61.90650524,31.30455721,15.42984139,33.73611243,36.98336258,59.34679165,64.79164793,163.929287
09:02.7,2415,2096,310,2019,413,165,31.43674913,71.02253371,61.86533874,31.29378057,15.42160783,33.72554874,36.97069697,59.30532553,64.74647735,163.895212
09:02.7,2413,2091,304,2020,414,165,31.43674913,71.02253371,61.86533874,31.29378057,15.42160783,33.72554874,36.97069697,59.30532553,64.74647735,163.895212
09:02.7,2414,2095,308,2019,414,167,31.42597605,70.98224853,61.82875186,31.2847073,15.41298669,33.71643293,36.95742558,59.27055672,64.70632844,163.8551226
09:02.7,2409,2087,307,2021,413,169,31.42597605,70.98224853,61.82875186,31.2847073,15.41298669,33.71643293,36.95742558,59.27055672,64.70632844,163.8551226
09:02.7,2412,2096,309,2021,411,165,31.42597605,70.98224853,61.82875186,31.2847073,15.41298669,33.71643293,36.95742558,59.27055672,64.70632844,163.8551226
09:02.7,2409,2096,309,2021,413,164,31.42597605,70.98224853,61.82875186,31.2847073,15.41298669,33.71643293,36.95742558,59.27055672,64.70632844,163.8551226
09:02.7,2406,2087,304,2025,413,163,31.42597605,70.98224853,61.82875186,31.2847073,15.41298669,33.71643293,36.95742558,59.27055672,64.70632844,163.8551226
09:02.7,2405,2094,305,2022,411,164,31.41728078,70.94705676,61.7964447,31.27715811,15.40400799,33.70846569,36.94415716,59.24133459,64.67128942,163.808609
09:02.7,2407,2094,314,2022,412,169,31.41728078,70.94705676,61.7964447,31.27715811,15.40400799,33.70846569,36.94415716,59.24133459,64.67128942,163.808609
09:02.7,2406,2086,310,2018,411,166,31.41728078,70.94705676,61.7964447,31.27715811,15.40400799,33.70846569,36.94415716,59.24133459,64.67128942,163.808609
09:02.7,2406,2087,306,2019,410,166,31.40897749,70.91604877,61.76839204,31.2707068,15.39466308,33.70131354,36.93051054,59.21635321,64.6410113,163.7554052
09:02.7,2407,2085,308,2023,411,166,31.40897749,70.91604877,61.76839204,31.2707068,15.39466308,33.70131354,36.93051054,59.21635321,64.6410113,163.7554052
09:02.7,2401,2082,310,2021,413,167,31.40897749,70.91604877,61.76839204,31.2707068,15.39466308,33.70131354,36.93051054,59.21635321,64.6410113,163.7554052
09:02.7,2406,2089,305,2015,411,167,31.39967109,70.88906891,61.74528053,31.26562517,15.38509092,33.69541745,36.91504919,59.19489685,64.61523432,163.6953196
09:02.7,2403,2084,311,2025,413,163,31.39967109,70.88906891,61.74528053,31.26562517,15.38509092,33.69541745,36.91504919,59.19489685,64.61523432,163.6953196
09:02.7,2403,2081,311,2017,411,164,31.39967109,70.88906891,61.74528053,31.26562517,15.38509092,33.69541745,36.91504919,59.19489685,64.61523432,163.6953196
09:02.7,2395,2074,310,2023,411,161,31.39967109,70.88906891,61.74528053,31.26562517,15.38509092,33.69541745,36.91504919,59.19489685,64.61523432,163.6953196
09:02.7,2398,2067,304,2019,411,167,31.3880616,70.86619328,61.72800067,31.26222077,15.37535272,33.69094646,36.89661511,59.17708167,64.59418621,163.628474
09:02.7,2398,2074,306,2019,409,165,31.3880616,70.86619328,61.72800067,31.26222077,15.37535272,33.69094646,36.89661511,59.17708167,64.59418621,163.628474
09:02.7,2399,2075,316,2023,411,167,31.3880616,70.86619328,61.72800067,31.26222077,15.37535272,33.69094646,36.89661511,59.17708167,64.59418621,163.628474
09:02.7,2398,2080,317,2022,410,163,31.3880616,70.86619328,61.72800067,31.26222077,15.37535272,33.69094646,36.89661511,59.17708167,64.59418621,163.628474
09:02.7,2400,2077,310,2022,409,163,31.37334909,70.8477493,61.71738755,31.26022356,15.36606273,33.68768883,36.87491321,59.16294681,64.57785836,163.5561852
09:02.7,2399,2069,315,2023,410,163,31.37334909,70.8477493,61.71738755,31.26022356,15.36606273,33.68768883,36.87491321,59.16294681,64.57785836,163.5561852
09:02.7,2391,2073,311,2021,405,162,31.37334909,70.8477493,61.71738755,31.26022356,15.36606273,33.68768883,36.87491321,59.16294681,64.57785836,163.5561852
09:02.7,2396,2071,309,2027,407,164,31.35487676,70.83447001,61.71465032,31.25952221,15.35774835,33.68567569,36.84904204,59.15280227,64.56633831,163.4802832
09:02.7,2394,2065,310,2022,409,164,31.35487676,70.83447001,61.71465032,31.25952221,15.35774835,33.68567569,36.84904204,59.15280227,64.56633831,163.4802832
09:02.7,2395,2067,317,2025,411,162,31.35487676,70.83447001,61.71465032,31.25952221,15.35774835,33.68567569,36.84904204,59.15280227,64.56633831,163.4802832
09:02.8,2393,2064,313,2019,410,162,31.33236221,70.82731524,61.72101975,31.26006618,15.35108894,33.68535346,36.81785402,59.14652959,64.55941275,163.4025071
09:02.8,2393,2075,310,2024,409,165,31.33236221,70.82731524,61.72101975,31.26006618,15.35108894,33.68535346,36.81785402,59.14652959,64.55941275,163.4025071
09:02.8,2394,2069,311,2019,412,163,31.33236221,70.82731524,61.72101975,31.26006618,15.35108894,33.68535346,36.81785402,59.14652959,64.55941275,163.4025071
09:02.8,2387,2063,313,2016,407,166,31.33236221,70.82731524,61.72101975,31.26006618,15.35108894,33.68535346,36.81785402,59.14652959,64.55941275,163.4025071
09:02.8,2385,2069,306,2019,406,163,31.30584711,70.82712163,61.73739159,31.26153229,15.34616438,33.68660691,36.78040851,59.14462201,64.55714999,163.3238636
09:02.8,2389,2065,304,2021,407,163,31.30584711,70.82712163,61.73739159,31.26153229,15.34616438,33.68660691,36.78040851,59.14462201,64.55714999,163.3238636
09:02.8,2384,2063,314,2016,406,166,31.30584711,70.82712163,61.73739159,31.26153229,15.34616438,33.68660691,36.78040851,59.14462201,64.55714999,163.3238636
09:02.8,2384,2065,307,2021,406,165,31.27540444,70.83415664,61.76399486,31.26333994,15.34363227,33.6889614,36.73725181,59.14713702,64.55930781,163.244711
09:02.8,2384,2061,311,2018,411,165,31.27540444,70.83415664,61.76399486,31.26333994,15.34363227,33.6889614,36.73725181,59.14713702,64.55930781,163.244711
09:02.8,2389,2062,308,2021,409,162,31.27540444,70.83415664,61.76399486,31.26333994,15.34363227,33.6889614,36.73725181,59.14713702,64.55930781,163.244711
09:02.8,2383,2054,312,2014,405,163,31.27540444,70.83415664,61.76399486,31.26333994,15.34363227,33.6889614,36.73725181,59.14713702,64.55930781,163.244711
09:02.8,2383,2047,311,2018,409,165,31.2405909,70.84811922,61.80073084,31.26527678,15.34315356,33.69196661,36.68865333,59.15420693,64.56625133,163.1659644
09:02.8,2384,2054,307,2018,406,163,31.2405909,70.84811922,61.80073084,31.26527678,15.34315356,33.69196661,36.68865333,59.15420693,64.56625133,163.1659644
09:02.8,2381,2060,308,2018,406,167,31.2405909,70.84811922,61.80073084,31.26527678,15.34315356,33.69196661,36.68865333,59.15420693,64.56625133,163.1659644
09:02.8,2383,2045,306,2016,407,165,31.20089045,70.8684996,61.84731543,31.26690472,15.34462339,33.69527273,36.63449599,59.16516445,64.57758675,163.0888583
09:02.8,2384,2047,307,2013,404,162,31.20089045,70.8684996,61.84731543,31.26690472,15.34462339,33.69527273,36.63449599,59.16516445,64.57758675,163.0888583
09:02.8,2380,2044,309,2015,406,164,31.20089045,70.8684996,61.84731543,31.26690472,15.34462339,33.69527273,36.63449599,59.16516445,64.57758675,163.0888583
09:02.8,2375,2038,304,2015,407,162,31.20089045,70.8684996,61.84731543,31.26690472,15.34462339,33.69527273,36.63449599,59.16516445,64.57758675,163.0888583
09:02.8,2383,2036,309,2020,409,165,31.15623685,70.89493816,61.90335697,31.26772681,15.34773783,33.69845066,36.57471422,59.1796428,64.59299925,163.0132551
09:02.8,2374,2039,304,2018,407,167,31.15623685,70.89493816,61.90335697,31.26772681,15.34773783,33.69845066,36.57471422,59.1796428,64.59299925,163.0132551
09:02.8,2379,2038,304,2023,406,162,31.15623685,70.89493816,61.90335697,31.26772681,15.34773783,33.69845066,36.57471422,59.1796428,64.59299925,163.0132551
09:02.8,2377,2039,304,2018,401,162,31.10713809,70.92739726,61.96851574,31.26798198,15.35230423,33.70182852,36.50913475,59.19754328,64.6122689,162.9395572
09:02.8,2375,2035,306,2021,403,163,31.10713809,70.92739726,61.96851574,31.26798198,15.35230423,33.70182852,36.50913475,59.19754328,64.6122689,162.9395572
09:02.8,2374,2037,311,2020,401,161,31.10713809,70.92739726,61.96851574,31.26798198,15.35230423,33.70182852,36.50913475,59.19754328,64.6122689,162.9395572
09:02.8,2373,2032,311,2021,404,163,31.0541108,70.96593615,62.0425088,31.26847715,15.35758419,33.70598602,36.43830461,59.2193386,64.63644548,162.8699261
09:02.8,2381,2033,307,2022,403,162,31.0541108,70.96593615,62.0425088,31.26847715,15.35758419,33.70598602,36.43830461,59.2193386,64.63644548,162.8699261
09:02.8,2373,2033,307,2023,411,164,31.0541108,70.96593615,62.0425088,31.26847715,15.35758419,33.70598602,36.43830461,59.2193386,64.63644548,162.8699261
09:02.8,2375,2032,304,2023,405,163,31.0541108,70.96593615,62.0425088,31.26847715,15.35758419,33.70598602,36.43830461,59.2193386,64.63644548,162.8699261
09:02.8,2370,2036,304,2021,406,164,30.99627662,71.01034437,62.1255399,31.26914478,15.3626627,33.71051982,36.36216552,59.24537686,64.6666008,162.8067642
09:02.8,2373,2032,304,2027,403,165,30.99627662,71.01034437,62.1255399,31.26914478,15.3626627,33.71051982,36.36216552,59.24537686,64.6666008,162.8067642
09:02.8,2374,2032,306,2020,404,163,30.99627662,71.01034437,62.1255399,31.26914478,15.3626627,33.71051982,36.36216552,59.24537686,64.6666008,162.8067642
09:02.8,2369,2031,304,2022,403,163,30.93254828,71.06067645,62.21818449,31.26923436,15.36697703,33.71443056,36.28079636,59.27610989,64.70370978,162.7526535
09:02.8,2368,2031,304,2029,405,163,30.93254828,71.06067645,62.21818449,31.26923436,15.36697703,33.71443056,36.28079636,59.27610989,64.70370978,162.7526535
09:02.8,2370,2030,298,2029,402,165,30.93254828,71.06067645,62.21818449,31.26923436,15.36697703,33.71443056,36.28079636,59.27610989,64.70370978,162.7526535
09:02.8,2372,2029,310,2026,403,163,30.93254828,71.06067645,62.21818449,31.26923436,15.36697703,33.71443056,36.28079636,59.27610989,64.70370978,162.7526535
09:02.8,2367,2030,310,2031,405,166,30.86197283,71.1165192,62.32045191,31.26872144,15.37070277,33.71770819,36.19465722,59.31087018,64.74793915,162.7091879
09:02.8,2372,2021,304,2031,403,165,30.86197283,71.1165192,62.32045191,31.26872144,15.37070277,33.71770819,36.19465722,59.31087018,64.74793915,162.7091879
09:02.8,2368,2022,304,2029,405,161,30.86197283,71.1165192,62.32045191,31.26872144,15.37070277,33.71770819,36.19465722,59.31087018,64.74793915,162.7091879
09:02.8,2369,2022,305,2030,403,163,30.78331499,71.1769189,62.43192397,31.2680173,15.3739379,33.7207288,36.10429773,59.34846195,64.79930255,162.677294
09:02.8,2365,2018,303,2027,404,162,30.78331499,71.1769189,62.43192397,31.2680173,15.3739379,33.7207288,36.10429773,59.34846195,64.79930255,162.677294
09:02.8,2368,2015,305,2029,406,163,30.78331499,71.1769189,62.43192397,31.2680173,15.3739379,33.7207288,36.10429773,59.34846195,64.79930255,162.677294
09:02.8,2368,2015,300,2027,402,164,30.78331499,71.1769189,62.43192397,31.2680173,15.3739379,33.7207288,36.10429773,59.34846195,64.79930255,162.677294
09:02.9,2368,2013,300,2029,405,164,30.69538799,71.24105987,62.55234039,31.26725194,15.37695294,33.72388075,36.00918343,59.38740104,64.85695292,162.656804
09:02.9,2369,2020,303,2023,401,162,30.69538799,71.24105987,62.55234039,31.26725194,15.37695294,33.72388075,36.00918343,59.38740104,64.85695292,162.656804
09:02.9,2369,2015,304,2027,407,165,30.69538799,71.24105987,62.55234039,31.26725194,15.37695294,33.72388075,36.00918343,59.38740104,64.85695292,162.656804
09:02.9,2366,2008,296,2029,402,161,30.59819618,71.30885657,62.68160583,31.2665911,15.37980947,33.72752814,35.90822638,59.42734625,64.92000232,162.648806
09:02.9,2369,2013,299,2030,406,163,30.59819618,71.30885657,62.68160583,31.2665911,15.37980947,33.72752814,35.90822638,59.42734625,64.92000232,162.648806
09:02.9,2373,2014,298,2029,406,163,30.59819618,71.30885657,62.68160583,31.2665911,15.37980947,33.72752814,35.90822638,59.42734625,64.92000232,162.648806
09:02.9,2371,2003,298,2030,405,164,30.49278652,71.38033617,62.81917716,31.26605064,15.38259545,33.7317658,35.80082506,59.46852654,64.98733716,162.6562779
09:02.9,2378,2004,304,2032,407,164,30.49278652,71.38033617,62.81917716,31.26605064,15.38259545,33.7317658,35.80082506,59.46852654,64.98733716,162.6562779
09:02.9,2372,2007,294,2030,404,163,30.49278652,71.38033617,62.81917716,31.26605064,15.38259545,33.7317658,35.80082506,59.46852654,64.98733716,162.6562779
09:02.9,2374,2007,300,2026,406,161,30.49278652,71.38033617,62.81917716,31.26605064,15.38259545,33.7317658,35.80082506,59.46852654,64.98733716,162.6562779
09:02.9,2374,2003,303,2032,405,162,30.38021961,71.45459318,62.96343915,31.26556983,15.3850162,33.73638566,35.68761477,59.51068333,65.05794796,162.6786401
09:02.9,2374,2003,293,2032,405,163,30.38021961,71.45459318,62.96343915,31.26556983,15.3850162,33.73638566,35.68761477,59.51068333,65.05794796,162.6786401
09:02.9,2378,2003,295,2032,404,164,30.38021961,71.45459318,62.96343915,31.26556983,15.3850162,33.73638566,35.68761477,59.51068333,65.05794796,162.6786401
09:02.9,2374,2007,293,2032,407,165,30.26087672,71.53160409,63.11413084,31.26573079,15.38681238,33.74180494,35.56854716,59.55418004,65.13192946,162.7146126
09:02.9,2381,2005,296,2032,404,162,30.26087672,71.53160409,63.11413084,31.26573079,15.38681238,33.74180494,35.56854716,59.55418004,65.13192946,162.7146126
09:02.9,2378,2006,293,2032,405,161,30.26087672,71.53160409,63.11413084,31.26573079,15.38681238,33.74180494,35.56854716,59.55418004,65.13192946,162.7146126
09:02.9,2381,2004,287,2031,402,166,30.26087672,71.53160409,63.11413084,31.26573079,15.38681238,33.74180494,35.56854716,59.55418004,65.13192946,162.7146126
09:02.9,2379,2005,293,2034,404,165,30.13541408,71.61208258,63.27164181,31.26716168,15.38766886,33.74855953,35.44315857,59.60000187,65.20980879,162.7636719
09:02.9,2385,2007,291,2032,402,165,30.13541408,71.61208258,63.27164181,31.26716168,15.38766886,33.74855953,35.44315857,59.60000187,65.20980879,162.7636719
09:02.9,2384,2000,289,2033,404,167,30.13541408,71.61208258,63.27164181,31.26716168,15.38766886,33.74855953,35.44315857,59.60000187,65.20980879,162.7636719
09:02.9,2382,2002,291,2032,402,167,30.0044026,71.69660781,63.43623447,31.26911185,15.38753801,33.7559737,35.31102416,59.64887879,65.2913226,162.8253623
09:02.9,2385,2000,289,2032,404,169,30.0044026,71.69660781,63.43623447,31.26911185,15.38753801,33.7559737,35.31102416,59.64887879,65.2913226,162.8253623
09:02.9,2384,2000,290,2033,403,165,30.0044026,71.69660781,63.43623447,31.26911185,15.38753801,33.7559737,35.31102416,59.64887879,65.2913226,162.8253623
09:02.9,2385,2000,285,2032,403,163,30.0044026,71.69660781,63.43623447,31.26911185,15.38753801,33.7559737,35.31102416,59.64887879,65.2913226,162.8253623
09:02.9,2383,2001,287,2032,405,162,29.86858215,71.78587013,63.60817391,31.27118922,15.38660276,33.76359852,35.17269241,59.70175595,65.37676737,162.9001368
09:02.9,2388,1999,281,2033,401,167,29.86858215,71.78587013,63.60817391,31.27118922,15.38660276,33.76359852,35.17269241,59.70175595,65.37676737,162.9001368
09:02.9,2394,2002,289,2037,405,165,29.86858215,71.78587013,63.60817391,31.27118922,15.38660276,33.76359852,35.17269241,59.70175595,65.37676737,162.9001368
09:02.9,2394,1998,289,2032,401,159,29.72886786,71.88033246,63.78740539,31.27362322,15.38511372,33.77178467,35.02864777,59.75894547,65.46618524,162.9885485
09:02.9,2387,2001,286,2032,401,167,29.72886786,71.88033246,63.78740539,31.27362322,15.38511372,33.77178467,35.02864777,59.75894547,65.46618524,162.9885485
09:02.9,2391,2000,284,2032,402,167,29.72886786,71.88033246,63.78740539,31.27362322,15.38511372,33.77178467,35.02864777,59.75894547,65.46618524,162.9885485
09:02.9,2391,2000,287,2032,403,167,29.58592639,71.98028731,63.97385031,31.2765533,15.38299952,33.78064617,34.87900076,59.82092126,65.55965026,163.0909476
09:02.9,2394,2001,287,2033,404,165,29.58592639,71.98028731,63.97385031,31.2765533,15.38299952,33.78064617,34.87900076,59.82092126,65.55965026,163.0909476
09:02.9,2401,2000,282,2035,403,163,29.58592639,71.98028731,63.97385031,31.2765533,15.38299952,33.78064617,34.87900076,59.82092126,65.55965026,163.0909476
09:02.9,2400,1998,286,2037,402,163,29.58592639,71.98028731,63.97385031,31.2765533,15.38299952,33.78064617,34.87900076,59.82092126,65.55965026,163.0909476
09:02.9,2399,2001,281,2039,402,163,29.44030478,72.08651455,64.16807818,31.28041332,15.38105814,33.79070763,34.72376825,59.88822842,65.65709813,163.2079513
09:02.9,2401,2000,272,2033,400,171,29.44030478,72.08651455,64.16807818,31.28041332,15.38105814,33.79070763,34.72376825,59.88822842,65.65709813,163.2079513
09:02.9,2399,2000,286,2037,401,165,29.44030478,72.08651455,64.16807818,31.28041332,15.38105814,33.79070763,34.72376825,59.88822842,65.65709813,163.2079513
09:02.9,2398,2000,278,2033,400,166,29.2927107,72.19987859,64.37064294,31.28550206,15.38031413,33.8024547,34.5633946,59.96127908,65.75846855,163.3394694
09:02.9,2401,1999,281,2039,403,165,29.2927107,72.19987859,64.37064294,31.28550206,15.38031413,33.8024547,34.5633946,59.96127908,65.75846855,163.3394694
09:02.9,2416,1997,276,2037,403,165,29.2927107,72.19987859,64.37064294,31.28550206,15.38031413,33.8024547,34.5633946,59.96127908,65.75846855,163.3394694
09:02.9,2411,2000,279,2039,400,165,29.2927107,72.19987859,64.37064294,31.28550206,15.38031413,33.8024547,34.5633946,59.96127908,65.75846855,163.3394694
09:03.0,2413,1997,274,2039,400,164,29.14412915,72.32062944,64.58124495,31.2918027,15.38137318,33.81612139,34.39875368,60.03989388,65.86341238,163.4843784
09:03.0,2415,2002,275,2042,400,163,29.14412915,72.32062944,64.58124495,31.2918027,15.38137318,33.81612139,34.39875368,60.03989388,65.86341238,163.4843784
09:03.0,2417,2000,283,2045,402,163,29.14412915,72.32062944,64.58124495,31.2918027,15.38137318,33.81612139,34.39875368,60.03989388,65.86341238,163.4843784
09:03.0,2416,2001,277,2043,400,163,28.99627336,72.44749622,64.79770024,31.29989585,15.38423904,33.83254364,34.22992236,60.12269438,65.96990765,163.638769
09:03.0,2416,2000,279,2046,400,165,28.99627336,72.44749622,64.79770024,31.29989585,15.38423904,33.83254364,34.22992236,60.12269438,65.96990765,163.638769
09:03.0,2426,2001,274,2058,401,164,28.99627336,72.44749622,64.79770024,31.29989585,15.38423904,33.83254364,34.22992236,60.12269438,65.96990765,163.638769
09:03.0,2423,2000,273,2054,397,167,28.99627336,72.44749622,64.79770024,31.29989585,15.38423904,33.83254364,34.22992236,60.12269438,65.96990765,163.638769
09:03.0,2425,2003,278,2058,400,169,28.8509778,72.57801657,65.01665094,31.3101973,15.38903551,33.8523278,34.05628181,60.20744911,66.07418282,163.7958098
09:03.0,2431,2006,272,2057,400,166,28.8509778,72.57801657,65.01665094,31.3101973,15.38903551,33.8523278,34.05628181,60.20744911,66.07418282,163.7958098
09:03.0,2426,2002,282,2059,401,162,28.8509778,72.57801657,65.01665094,31.3101973,15.38903551,33.8523278,34.05628181,60.20744911,66.07418282,163.7958098
09:03.0,2427,2003,278,2055,400,165,28.70904798,72.71161971,65.23721422,31.32283815,15.39559949,33.87542275,33.87766139,60.29415686,66.17549383,163.9535833
09:03.0,2431,2000,272,2056,400,167,28.70904798,72.71161971,65.23721422,31.32283815,15.39559949,33.87542275,33.87766139,60.29415686,66.17549383,163.9535833
09:03.0,2440,2007,278,2059,400,170,28.70904798,72.71161971,65.23721422,31.32283815,15.39559949,33.87542275,33.87766139,60.29415686,66.17549383,163.9535833
09:03.0,2437,2000,276,2061,400,169,28.57013263,72.84839805,65.45981619,31.33764685,15.40357279,33.90145103,33.69302009,60.38337082,66.27395108,164.1128195
09:03.0,2439,2005,274,2062,400,167,28.57013263,72.84839805,65.45981619,31.33764685,15.40357279,33.90145103,33.69302009,60.38337082,66.27395108,164.1128195
09:03.0,2432,2011,275,2059,400,170,28.57013263,72.84839805,65.45981619,31.33764685,15.40357279,33.90145103,33.69302009,60.38337082,66.27395108,164.1128195
09:03.0,2432,2003,278,2055,400,167,28.57013263,72.84839805,65.45981619,31.33764685,15.40357279,33.90145103,33.69302009,60.38337082,66.27395108,164.1128195
09:03.0,2439,2006,272,2059,400,167,28.43324618,72.98701334,65.68349857,31.35514692,15.41188978,33.93050308,33.50347585,60.47437952,66.37047509,164.2769529
09:03.0,2435,2006,272,2060,400,171,28.43324618,72.98701334,65.68349857,31.35514692,15.41188978,33.93050308,33.50347585,60.47437952,66.37047509,164.2769529
09:03.0,2438,2002,272,2067,400,170,28.43324618,72.98701334,65.68349857,31.35514692,15.41188978,33.93050308,33.50347585,60.47437952,66.37047509,164.2769529
09:03.0,2438,2010,271,2069,398,171,28.29623612,73.12681571,65.90827313,31.37721546,15.41934512,33.963865,33.31329435,60.56664445,66.46934731,164.4540904
09:03.0,2438,2010,274,2072,400,170,28.29623612,73.12681571,65.90827313,31.37721546,15.41934512,33.963865,33.31329435,60.56664445,66.46934731,164.4540904
09:03.0,2435,2002,272,2070,400,167,28.29623612,73.12681571,65.90827313,31.37721546,15.41934512,33.963865,33.31329435,60.56664445,66.46934731,164.4540904
09:03.0,2437,2008,271,2073,400,169,28.29623612,73.12681571,65.90827313,31.37721546,15.41934512,33.963865,33.31329435,60.56664445,66.46934731,164.4540904
09:03.0,2441,2009,272,2075,400,167,28.15715352,73.26845437,66.13551532,31.40466913,15.42598757,34.00201568,33.12531552,60.66059589,66.57380072,164.6458462
09:03.0,2441,2000,272,2066,397,169,28.15715352,73.26845437,66.13551532,31.40466913,15.42598757,34.00201568,33.12531552,60.66059589,66.57380072,164.6458462
09:03.0,2444,1998,270,2083,399,170,28.15715352,73.26845437,66.13551532,31.40466913,15.42598757,34.00201568,33.12531552,60.66059589,66.57380072,164.6458462
09:03.0,2445,2000,267,2080,400,167,28.016552,73.41311151,66.36620282,31.4365229,15.43132924,34.04336961,32.93933067,60.75886599,66.684933,164.8491252
09:03.0,2439,2002,272,2082,395,170,28.016552,73.41311151,66.36620282,31.4365229,15.43132924,34.04336961,32.93933067,60.75886599,66.684933,164.8491252
09:03.0,2441,1998,272,2083,398,172,28.016552,73.41311151,66.36620282,31.4365229,15.43132924,34.04336961,32.93933067,60.75886599,66.684933,164.8491252
09:03.0,2439,1986,267,2081,398,169,28.016552,73.41311151,66.36620282,31.4365229,15.43132924,34.04336961,32.93933067,60.75886599,66.684933,164.8491252
09:03.0,2443,1997,266,2084,397,171,27.87691132,73.561108,66.59951949,31.47116847,15.43380948,34.0851925,32.75529338,60.8649009,66.80321508,165.0615338
09:03.0,2439,1993,270,2080,399,169,27.87691132,73.561108,66.59951949,31.47116847,15.43380948,34.0851925,32.75529338,60.8649009,66.80321508,165.0615338
09:03.0,2443,1985,270,2093,399,169,27.87691132,73.561108,66.59951949,31.47116847,15.43380948,34.0851925,32.75529338,60.8649009,66.80321508,165.0615338
09:03.0,2447,1982,271,2089,398,173,27.74068313,73.7114985,66.83322214,31.5071554,15.43264588,34.12536904,32.5749641,60.97976729,66.92812852,165.279485
09:03.0,2443,1984,266,2094,395,171,27.74068313,73.7114985,66.83322214,31.5071554,15.43264588,34.12536904,32.5749641,60.97976729,66.92812852,165.279485
09:03.0,2442,1975,261,2091,397,171,27.74068313,73.7114985,66.83322214,31.5071554,15.43264588,34.12536904,32.5749641,60.97976729,66.92812852,165.279485
09:03.0,2447,1984,265,2096,398,172,27.74068313,73.7114985,66.83322214,31.5071554,15.43264588,34.12536904,32.5749641,60.97976729,66.92812852,165.279485
09:03.0,2442,1983,266,2091,400,172,27.60962092,73.86327532,67.06538695,31.54342521,15.42805867,34.16308475,32.39922534,61.10246682,67.05793278,165.4991042
09:03.0,2443,1978,261,2096,398,174,27.60962092,73.86327532,67.06538695,31.54342521,15.42805867,34.16308475,32.39922534,61.10246682,67.05793278,165.4991042
09:03.0,2438,1970,269,2096,400,173,27.60962092,73.86327532,67.06538695,31.54342521,15.42805867,34.16308475,32.39922534,61.10246682,67.05793278,165.4991042
09:03.1,2443,1971,261,2099,398,174,27.48479535,74.01582158,67.29482804,31.57902644,15.42037854,34.1978577,32.22846192,61.23180104,67.19118604,165.7186707
09:03.1,2443,1966,264,2098,398,175,27.48479535,74.01582158,67.29482804,31.57902644,15.42037854,34.1978577,32.22846192,61.23180104,67.19118604,165.7186707
09:03.1,2442,1965,271,2099,399,174,27.48479535,74.01582158,67.29482804,31.57902644,15.42037854,34.1978577,32.22846192,61.23180104,67.19118604,165.7186707
09:03.1,2448,1965,269,2096,398,172,27.36608303,74.16889082,67.52139556,31.61310593,15.41035837,34.22938169,32.06220237,61.36653771,67.32653795,165.9392498
09:03.1,2448,1967,270,2100,398,169,27.36608303,74.16889082,67.52139556,31.61310593,15.41035837,34.22938169,32.06220237,61.36653771,67.32653795,165.9392498
09:03.1,2447,1965,262,2101,395,174,27.36608303,74.16889082,67.52139556,31.61310593,15.41035837,34.22938169,32.06220237,61.36653771,67.32653795,165.9392498
09:03.1,2450,1946,263,2105,394,173,27.36608303,74.16889082,67.52139556,31.61310593,15.41035837,34.22938169,32.06220237,61.36653771,67.32653795,165.9392498
09:03.1,2447,1949,267,2103,395,175,27.25276275,74.32140442,67.74436922,31.64515768,15.39830887,34.25753496,31.89971666,61.50489731,67.46237717,166.1606195
09:03.1,2443,1945,272,2107,395,174,27.25276275,74.32140442,67.74436922,31.64515768,15.39830887,34.25753496,31.89971666,61.50489731,67.46237717,166.1606195
09:03.1,2448,1949,263,2105,397,174,27.25276275,74.32140442,67.74436922,31.64515768,15.39830887,34.25753496,31.89971666,61.50489731,67.46237717,166.1606195
09:03.1,2450,1943,262,2111,398,174,27.25276275,74.32140442,67.74436922,31.64515768,15.39830887,34.25753496,31.89971666,61.50489731,67.46237717,166.1606195
09:03.1,2445,1941,258,2109,393,173,27.1433561,74.47154414,67.96274943,31.67537992,15.38483858,34.28312296,31.73916402,61.6437937,67.59588252,166.3814629
09:03.1,2451,1945,262,2111,394,173,27.1433561,74.47154414,67.96274943,31.67537992,15.38483858,34.28312296,31.73916402,61.6437937,67.59588252,166.3814629
09:03.1,2451,1946,261,2109,395,175,27.1433561,74.47154414,67.96274943,31.67537992,15.38483858,34.28312296,31.73916402,61.6437937,67.59588252,166.3814629
09:03.1,2453,1936,261,2112,395,175,27.03710578,74.61852393,68.17642635,31.704298,15.37145677,34.30770882,31.57781549,61.78030384,67.72374853,166.6032929
09:03.1,2448,1934,262,2113,398,175,27.03710578,74.61852393,68.17642635,31.704298,15.37145677,34.30770882,31.57781549,61.78030384,67.72374853,166.6032929
09:03.1,2450,1931,267,2119,395,175,27.03710578,74.61852393,68.17642635,31.704298,15.37145677,34.30770882,31.57781549,61.78030384,67.72374853,166.6032929
09:03.1,2453,1932,262,2115,395,175,26.93366083,74.76231275,68.38591192,31.73191351,15.35914967,34.33188844,31.41292358,61.91326886,67.84378544,166.8285927
09:03.1,2450,1936,257,2118,397,173,26.93366083,74.76231275,68.38591192,31.73191351,15.35914967,34.33188844,31.41292358,61.91326886,67.84378544,166.8285927
09:03.1,2454,1930,266,2119,396,173,26.93366083,74.76231275,68.38591192,31.73191351,15.35914967,34.33188844,31.41292358,61.91326886,67.84378544,166.8285927
09:03.1,2454,1924,261,2119,394,174,26.93366083,74.76231275,68.38591192,31.73191351,15.35914967,34.33188844,31.41292358,61.91326886,67.84378544,166.8285927
09:03.1,2448,1919,266,2125,394,175,26.83249716,74.90221106,68.59100033,31.75767865,15.34844563,34.3552873,31.24290966,62.0417148,67.95420963,167.0579865
09:03.1,2453,1925,265,2126,392,175,26.83249716,74.90221106,68.59100033,31.75767865,15.34844563,34.3552873,31.24290966,62.0417148,67.95420963,167.0579865
09:03.1,2455,1921,258,2128,394,176,26.83249716,74.90221106,68.59100033,31.75767865,15.34844563,34.3552873,31.24290966,62.0417148,67.95420963,167.0579865
09:03.1,2458,1929,259,2128,396,176,26.83249716,74.90221106,68.59100033,31.75767865,15.34844563,34.3552873,31.24290966,62.0417148,67.95420963,167.0579865
09:03.1,2457,1914,263,2130,395,176,26.73442926,75.03869173,68.79218344,31.78165042,15.33925288,34.37778075,31.06601722,62.16666856,68.05471216,167.2952991
09:03.1,2459,1915,266,2128,395,176,26.73442926,75.03869173,68.79218344,31.78165042,15.33925288,34.37778075,31.06601722,62.16666856,68.05471216,167.2952991
09:03.1,2458,1918,262,2129,396,176,26.64104156,75.17355163,68.99118496,31.80447845,15.33209961,34.40004139,30.8797515,62.28999206,68.14535806,167.5490387
09:03.1,2464,1904,265,2135,391,175,26.64104156,75.17355163,68.99118496,31.80447845,15.33209961,34.40004139,30.8797515,62.28999206,68.14535806,167.5490387
09:03.1,2466,1909,262,2138,393,176,26.64104156,75.17355163,68.99118496,31.80447845,15.33209961,34.40004139,30.8797515,62.28999206,68.14535806,167.5490387
09:03.1,2464,1904,258,2143,392,175,26.64104156,75.17355163,68.99118496,31.80447845,15.33209961,34.40004139,30.8797515,62.28999206,68.14535806,167.5490387
09:03.1,2470,1911,256,2135,393,176,26.64104156,75.17355163,68.99118496,31.80447845,15.33209961,34.40004139,30.8797515,62.28999206,68.14535806,167.5490387
09:03.1,2461,1903,267,2135,393,177,26.5530681,75.30787948,69.18948402,31.82657606,15.32793846,34.42295406,30.680835,62.41191647,68.22486201,167.8244806
09:03.1,2466,1904,266,2139,394,176,26.5530681,75.30787948,69.18948402,31.82657606,15.32793846,34.42295406,30.680835,62.41191647,68.22486201,167.8244806
09:03.1,2463,1902,258,2139,394,175,26.5530681,75.30787948,69.18948402,31.82657606,15.32793846,34.42295406,30.680835,62.41191647,68.22486201,167.8244806
09:03.1,2469,1898,257,2147,395,176,26.46933126,75.43997995,69.38653974,31.84849707,15.32774624,34.4478517,30.46605657,62.52912386,68.28964523,168.1188528
09:03.1,2462,1899,257,2150,391,177,26.46933126,75.43997995,69.38653974,31.84849707,15.32774624,34.4478517,30.46605657,62.52912386,68.28964523,168.1188528
09:03.1,2465,1894,259,2155,394,176,26.46933126,75.43997995,69.38653974,31.84849707,15.32774624,34.4478517,30.46605657,62.52912386,68.28964523,168.1188528
09:03.1,2469,1892,257,2150,396,179,26.38811158,75.5682901,69.58233578,31.8722117,15.33181036,34.4770819,30.23206168,62.63895999,68.33743342,168.4310678
09:03.1,2467,1893,256,2154,391,176,26.38811158,75.5682901,69.58233578,31.8722117,15.33181036,34.4770819,30.23206168,62.63895999,68.33743342,168.4310678
09:03.1,2471,1894,259,2155,389,176,26.38811158,75.5682901,69.58233578,31.8722117,15.33181036,34.4770819,30.23206168,62.63895999,68.33743342,168.4310678
09:03.1,2469,1894,256,2158,393,179,26.38811158,75.5682901,69.58233578,31.8722117,15.33181036,34.4770819,30.23206168,62.63895999,68.33743342,168.4310678
09:03.2,2474,1884,265,2159,393,176,26.30916542,75.69242222,69.77750853,31.89985199,15.3399569,34.51263634,29.97634727,62.74104794,68.36779306,168.7637454
09:03.2,2470,1883,266,2157,390,179,26.30916542,75.69242222,69.77750853,31.89985199,15.3399569,34.51263634,29.97634727,62.74104794,68.36779306,168.7637454
09:03.2,2470,1885,259,2160,391,179,26.30916542,75.69242222,69.77750853,31.89985199,15.3399569,34.51263634,29.97634727,62.74104794,68.36779306,168.7637454
09:03.2,2470,1881,256,2159,391,176,26.30916542,75.69242222,69.77750853,31.89985199,15.3399569,34.51263634,29.97634727,62.74104794,68.36779306,168.7637454
09:03.2,2466,1882,258,2163,394,177,26.23148374,75.81148195,69.97271846,31.93290165,15.35223813,34.55565763,29.69623461,62.83482576,68.37985084,169.117431
09:03.2,2468,1881,256,2162,391,176,26.23148374,75.81148195,69.97271846,31.93290165,15.35223813,34.55565763,29.69623461,62.83482576,68.37985084,169.117431
09:03.2,2471,1872,265,2161,394,179,26.23148374,75.81148195,69.97271846,31.93290165,15.35223813,34.55565763,29.69623461,62.83482576,68.37985084,169.117431
09:03.2,2473,1865,262,2172,389,180,26.1548595,75.92360364,70.16740139,31.9721846,15.36937321,34.60667285,29.39022206,62.91873606,68.37151836,169.4897736
09:03.2,2478,1873,259,2172,393,181,26.1548595,75.92360364,70.16740139,31.9721846,15.36937321,34.60667285,29.39022206,62.91873606,68.37151836,169.4897736
09:03.2,2479,1873,261,2176,389,181,26.1548595,75.92360364,70.16740139,31.9721846,15.36937321,34.60667285,29.39022206,62.91873606,68.37151836,169.4897736
09:03.2,2475,1871,256,2169,395,180,26.08106467,76.02666662,70.35947643,32.01726871,15.39127126,34.66472566,29.05987219,62.99182844,68.34175047,169.8761483
09:03.2,2477,1861,266,2174,393,182,26.08106467,76.02666662,70.35947643,32.01726871,15.39127126,34.66472566,29.05987219,62.99182844,68.34175047,169.8761483
09:03.2,2477,1870,263,2176,391,183,26.08106467,76.02666662,70.35947643,32.01726871,15.39127126,34.66472566,29.05987219,62.99182844,68.34175047,169.8761483
09:03.2,2473,1866,266,2178,390,181,26.08106467,76.02666662,70.35947643,32.01726871,15.39127126,34.66472566,29.05987219,62.99182844,68.34175047,169.8761483
09:03.2,2470,1847,259,2186,391,186,26.01176514,76.11837704,70.54575805,32.0669937,15.41668691,34.72777147,28.71143353,63.05362837,68.29223521,170.2698038
09:03.2,2471,1837,261,2186,389,183,26.01176514,76.11837704,70.54575805,32.0669937,15.41668691,34.72777147,28.71143353,63.05362837,68.29223521,170.2698038
09:03.2,2470,1839,260,2187,391,185,26.01176514,76.11837704,70.54575805,32.0669937,15.41668691,34.72777147,28.71143353,63.05362837,68.29223521,170.2698038
09:03.2,2470,1838,258,2187,394,185,25.94991695,76.19733919,70.72286053,32.12052525,15.44417704,34.79411725,28.35335853,63.10454182,68.22617327,170.6664367
09:03.2,2469,1833,262,2191,391,187,25.94991695,76.19733919,70.72286053,32.12052525,15.44417704,34.79411725,28.35335853,63.10454182,68.22617327,170.6664367
09:03.2,2473,1830,267,2191,394,183,25.94991695,76.19733919,70.72286053,32.12052525,15.44417704,34.79411725,28.35335853,63.10454182,68.22617327,170.6664367
09:03.2,2469,1830,259,2192,391,186,25.90072169,76.26310168,70.88717707,32.17690813,15.47270075,34.86227997,27.99440814,63.14561442,68.14653559,171.0663816
09:03.2,2462,1792,263,2205,399,188,25.90072169,76.26310168,70.88717707,32.17690813,15.47270075,34.86227997,27.99440814,63.14561442,68.14653559,171.0663816
09:03.2,2465,1781,263,2198,391,187,25.90072169,76.26310168,70.88717707,32.17690813,15.47270075,34.86227997,27.99440814,63.14561442,68.14653559,171.0663816
09:03.2,2459,1789,258,2203,399,191,25.90072169,76.26310168,70.88717707,32.17690813,15.47270075,34.86227997,27.99440814,63.14561442,68.14653559,171.0663816
09:03.2,2459,1776,262,2206,399,191,25.86720047,76.31562808,71.03606637,32.23520908,15.5018389,34.93130315,27.64275857,63.17699718,68.05606407,171.4686557
09:03.2,2457,1765,257,2207,398,191,25.86720047,76.31562808,71.03606637,32.23520908,15.5018389,34.93130315,27.64275857,63.17699718,68.05606407,171.4686557
09:03.2,2459,1766,259,2206,399,192,25.86720047,76.31562808,71.03606637,32.23520908,15.5018389,34.93130315,27.64275857,63.17699718,68.05606407,171.4686557
09:03.2,2463,1761,259,2208,398,192,25.86720047,76.31562808,71.03606637,32.23520908,15.5018389,34.93130315,27.64275857,63.17699718,68.05606407,171.4686557
09:03.2,2450,1712,260,2217,400,192,25.8491957,76.35446287,71.16731558,32.29507127,15.53098012,35.00081029,27.30613863,63.19797085,67.95766442,171.8677729
09:03.2,2448,1702,254,2214,400,192,25.8491957,76.35446287,71.16731558,32.29507127,15.53098012,35.00081029,27.30613863,63.19797085,67.95766442,171.8677729
09:03.2,2448,1691,264,2215,400,196,25.8491957,76.35446287,71.16731558,32.29507127,15.53098012,35.00081029,27.30613863,63.19797085,67.95766442,171.8677729
09:03.2,2450,1689,258,2214,400,195,25.84530905,76.37986323,71.27996064,32.35629843,15.55841999,35.06986935,26.99036439,63.20996485,67.85556053,172.2578116
09:03.2,2451,1680,258,2211,400,194,25.84530905,76.37986323,71.27996064,32.35629843,15.55841999,35.06986935,26.99036439,63.20996485,67.85556053,172.2578116
09:03.2,2448,1679,256,2212,400,194,25.84530905,76.37986323,71.27996064,32.35629843,15.55841999,35.06986935,26.99036439,63.20996485,67.85556053,172.2578116
09:03.2,2453,1674,257,2219,401,195,25.85338711,76.39214193,71.3731345,32.41664437,15.58346975,35.13583161,26.70068591,63.213989,67.75254545,172.6311413
09:03.2,2434,1615,262,2218,403,193,25.85338711,76.39214193,71.3731345,32.41664437,15.58346975,35.13583161,26.70068591,63.213989,67.75254545,172.6311413
09:03.2,2431,1607,259,2221,405,201,25.85338711,76.39214193,71.3731345,32.41664437,15.58346975,35.13583161,26.70068591,63.213989,67.75254545,172.6311413
09:03.2,2429,1600,262,2223,406,196,25.85338711,76.39214193,71.3731345,32.41664437,15.58346975,35.13583161,26.70068591,63.213989,67.75254545,172.6311413
09:03.2,2426,1597,261,2217,403,198,25.87047835,76.39180016,71.44643198,32.47240673,15.60646138,35.19535948,26.44047391,63.20991851,67.6494276,172.9788142
09:03.2,2425,1592,262,2217,405,199,25.87047835,76.39180016,71.44643198,32.47240673,15.60646138,35.19535948,26.44047391,63.20991851,67.6494276,172.9788142
09:03.2,2421,1584,260,2224,406,204,25.87047835,76.39180016,71.44643198,32.47240673,15.60646138,35.19535948,26.44047391,63.20991851,67.6494276,172.9788142
09:03.3,2422,1582,262,2221,409,198,25.89314117,76.38035957,71.50109766,32.52163738,15.62612635,35.24645123,26.21013656,63.19945012,67.54862366,173.2948736
09:03.3,2417,1520,261,2223,407,199,25.89314117,76.38035957,71.50109766,32.52163738,15.62612635,35.24645123,26.21013656,63.19945012,67.54862366,173.2948736
09:03.3,2412,1520,258,2223,407,203,25.89314117,76.38035957,71.50109766,32.52163738,15.62612635,35.24645123,26.21013656,63.19945012,67.54862366,173.2948736
09:03.3,2411,1515,259,2221,411,205,25.89314117,76.38035957,71.50109766,32.52163738,15.62612635,35.24645123,26.21013656,63.19945012,67.54862366,173.2948736
09:03.3,2409,1515,259,2223,413,203,25.91925618,76.3603133,71.53940606,32.56417835,15.64177094,35.28916833,26.00877948,63.18454638,67.4524765,173.5786462
09:03.3,2411,1504,258,2220,411,205,25.91925618,76.3603133,71.53940606,32.56417835,15.64177094,35.28916833,26.00877948,63.18454638,67.4524765,173.5786462
09:03.3,2411,1504,262,2224,413,198,25.91925618,76.3603133,71.53940606,32.56417835,15.64177094,35.28916833,26.00877948,63.18454638,67.4524765,173.5786462
09:03.3,2406,1495,266,2224,414,206,25.94872324,76.3342886,71.56362773,32.60004489,15.65447185,35.3242782,25.83500255,63.16629731,67.36140734,173.8293686
09:03.3,2398,1446,267,2224,419,207,25.94872324,76.3342886,71.56362773,32.60004489,15.65447185,35.3242782,25.83500255,63.16629731,67.36140734,173.8293686
09:03.3,2393,1456,262,2224,420,208,25.94872324,76.3342886,71.56362773,32.60004489,15.65447185,35.3242782,25.83500255,63.16629731,67.36140734,173.8293686
09:03.3,2389,1449,259,2225,418,208,25.94872324,76.3342886,71.56362773,32.60004489,15.65447185,35.3242782,25.83500255,63.16629731,67.36140734,173.8293686
09:03.3,2397,1445,259,2224,417,208,25.98277794,76.30631457,71.57781713,32.62968811,15.66612695,35.35319588,25.68556086,63.14679093,67.27581435,174.0497019
09:03.3,2396,1435,257,2226,418,208,25.98277794,76.30631457,71.57781713,32.62968811,15.66612695,35.35319588,25.68556086,63.14679093,67.27581435,174.0497019
09:03.3,2391,1443,261,2224,422,208,25.98277794,76.30631457,71.57781713,32.62968811,15.66612695,35.35319588,25.68556086,63.14679093,67.27581435,174.0497019
09:03.3,2385,1434,261,2224,417,208,26.02223848,76.28087532,71.58722388,32.65430853,15.67792733,35.37765422,25.55582587,63.12930772,67.19722008,174.2493926
09:03.3,2384,1406,258,2224,422,208,26.02223848,76.28087532,71.58722388,32.65430853,15.67792733,35.37765422,25.55582587,63.12930772,67.19722008,174.2493926
09:03.3,2381,1406,259,2230,428,208,26.02223848,76.28087532,71.58722388,32.65430853,15.67792733,35.37765422,25.55582587,63.12930772,67.19722008,174.2493926
09:03.3,2382,1408,263,2227,423,208,26.06494666,76.25955406,71.59502791,32.67512657,15.69010914,35.39894169,25.44196533,63.11485204,67.12623345,174.4345476
09:03.3,2382,1402,263,2227,425,209,26.06494666,76.25955406,71.59502791,32.67512657,15.69010914,35.39894169,25.44196533,63.11485204,67.12623345,174.4345476
09:03.3,2383,1399,258,2224,429,208,26.06494666,76.25955406,71.59502791,32.67512657,15.69010914,35.39894169,25.44196533,63.11485204,67.12623345,174.4345476
09:03.3,2381,1399,259,2224,429,208,26.06494666,76.25955406,71.59502791,32.67512657,15.69010914,35.39894169,25.44196533,63.11485204,67.12623345,174.4345476
09:03.3,2382,1398,260,2228,426,207,26.10755082,76.24253859,71.60325108,32.6935717,15.70181678,35.41813812,25.34056783,63.10379095,67.06356605,174.6077169
09:03.3,2371,1382,256,2229,432,208,26.10755082,76.24253859,71.60325108,32.6935717,15.70181678,35.41813812,25.34056783,63.10379095,67.06356605,174.6077169
09:03.3,2372,1376,265,2227,432,208,26.10755082,76.24253859,71.60325108,32.6935717,15.70181678,35.41813812,25.34056783,63.10379095,67.06356605,174.6077169
09:03.3,2371,1381,255,2231,432,208,26.1466304,76.22752256,71.61141639,32.71022195,15.71271197,35.43567719,25.24874256,63.09375582,67.00703935,174.7671643
09:03.3,2374,1376,257,2227,432,209,26.1466304,76.22752256,71.61141639,32.71022195,15.71271197,35.43567719,25.24874256,63.09375582,67.00703935,174.7671643
09:03.3,2368,1375,257,2229,432,208,26.1466304,76.22752256,71.61141639,32.71022195,15.71271197,35.43567719,25.24874256,63.09375582,67.00703935,174.7671643
09:03.3,2374,1372,259,2225,432,208,26.1466304,76.22752256,71.61141639,32.71022195,15.71271197,35.43567719,25.24874256,63.09375582,67.00703935,174.7671643
09:03.3,2373,1375,256,2230,432,208,26.17936199,76.20962927,71.61621557,32.72569729,15.72228338,35.45167691,25.16492881,63.08065319,66.95269967,174.9068628
09:03.3,2362,1356,259,2231,435,208,26.17936199,76.20962927,71.61621557,32.72569729,15.72228338,35.45167691,25.16492881,63.08065319,66.95269967,174.9068628
09:03.3,2363,1357,267,2230,434,209,26.17936199,76.20962927,71.61621557,32.72569729,15.72228338,35.45167691,25.16492881,63.08065319,66.95269967,174.9068628
09:03.3,2365,1360,257,2225,436,209,26.20513896,76.18695465,71.6166475,32.74132452,15.7303773,35.46726062,25.08740169,63.06282237,66.89867909,175.0252802
09:03.3,2367,1349,258,2225,436,208,26.20513896,76.18695465,71.6166475,32.74132452,15.7303773,35.46726062,25.08740169,63.06282237,66.89867909,175.0252802
09:03.3,2370,1358,258,2230,437,208,26.20513896,76.18695465,71.6166475,32.74132452,15.7303773,35.46726062,25.08740169,63.06282237,66.89867909,175.0252802
09:03.3,2368,1358,261,2226,437,210,26.20513896,76.18695465,71.6166475,32.74132452,15.7303773,35.46726062,25.08740169,63.06282237,66.89867909,175.0252802
09:03.3,2365,1354,256,2228,437,209,26.22326235,76.16024039,71.61398603,32.75818539,15.73703562,35.48345722,25.01521349,63.0407814,66.84573284,175.122459
09:03.3,2365,1346,258,2226,437,208,26.22326235,76.16024039,71.61398603,32.75818539,15.73703562,35.48345722,25.01521349,63.0407814,66.84573284,175.122459
09:03.3,2369,1330,256,2235,443,212,26.22326235,76.16024039,71.61398603,32.75818539,15.73703562,35.48345722,25.01521349,63.0407814,66.84573284,175.122459
09:03.3,2368,1339,254,2235,443,208,26.23098844,76.13004923,71.60951468,32.7763123,15.74299747,35.50053967,24.94855136,63.01401334,66.79438708,175.1955853
09:03.3,2370,1337,252,2233,439,209,26.23098844,76.13004923,71.60951468,32.7763123,15.74299747,35.50053967,24.94855136,63.01401334,66.79438708,175.1955853
09:03.3,2359,1337,254,2226,442,209,26.23098844,76.13004923,71.60951468,32.7763123,15.74299747,35.50053967,24.94855136,63.01401334,66.79438708,175.1955853
09:03.4,2365,1337,259,2228,442,210,26.2256419,76.09727894,71.60448941,32.79447917,15.74897838,35.51760388,24.8879814,62.98240085,66.74530804,175.2422026
09:03.4,2363,1334,256,2231,441,212,26.2256419,76.09727894,71.60448941,32.79447917,15.74897838,35.51760388,24.8879814,62.98240085,66.74530804,175.2422026
09:03.4,2368,1333,256,2233,442,208,26.2256419,76.09727894,71.60448941,32.79447917,15.74897838,35.51760388,24.8879814,62.98240085,66.74530804,175.2422026
09:03.4,2363,1318,253,2231,446,208,26.2256419,76.09727894,71.60448941,32.79447917,15.74897838,35.51760388,24.8879814,62.98240085,66.74530804,175.2422026
09:03.4,2359,1325,257,2235,445,208,26.20537755,76.06331361,71.60013133,32.81053441,15.75499224,35.53258848,24.83418917,62.94714812,66.69994299,175.2610282
09:03.4,2361,1318,254,2235,447,211,26.20537755,76.06331361,71.60013133,32.81053441,15.75499224,35.53258848,24.83418917,62.94714812,66.69994299,175.2610282
09:03.4,2357,1321,256,2239,444,208,26.20537755,76.06331361,71.60013133,32.81053441,15.75499224,35.53258848,24.83418917,62.94714812,66.69994299,175.2610282
09:03.4,2354,1312,257,2233,448,210,26.17064801,76.03155932,71.5988874,32.82287352,15.76051361,35.54385092,24.78783117,62.91199466,66.6617599,175.256193
09:03.4,2357,1313,257,2239,445,209,26.17064801,76.03155932,71.5988874,32.82287352,15.76051361,35.54385092,24.78783117,62.91199466,66.6617599,175.256193
09:03.4,2357,1318,259,2237,448,208,26.17064801,76.03155932,71.5988874,32.82287352,15.76051361,35.54385092,24.78783117,62.91199466,66.6617599,175.256193
09:03.4,2354,1296,259,2235,448,208,26.17064801,76.03155932,71.5988874,32.82287352,15.76051361,35.54385092,24.78783117,62.91199466,66.6617599,175.256193
09:03.4,2349,1296,260,2234,448,209,26.12413055,76.00709506,71.60468848,32.83118033,15.76546945,35.55115536,24.74877124,62.88213825,66.63504959,175.2366421
09:03.4,2352,1296,256,2233,448,209,26.12413055,76.00709506,71.60468848,32.83118033,15.76546945,35.55115536,24.74877124,62.88213825,66.63504959,175.2366421
09:03.4,2352,1296,257,2235,449,210,26.12413055,76.00709506,71.60468848,32.83118033,15.76546945,35.55115536,24.74877124,62.88213825,66.63504959,175.2366421
09:03.4,2350,1296,258,2231,448,208,26.08125326,75.98460218,71.60822713,32.83597907,15.77033679,35.55530895,24.71726548,62.85442719,66.6108887,175.215561
09:03.4,2352,1290,252,2238,449,209,26.08125326,75.98460218,71.60822713,32.83597907,15.77033679,35.55530895,24.71726548,62.85442719,66.6108887,175.215561
09:03.4,2349,1287,260,2231,449,208,26.08125326,75.98460218,71.60822713,32.83597907,15.77033679,35.55530895,24.71726548,62.85442719,66.6108887,175.215561
09:03.4,2347,1279,257,2234,450,212,26.08125326,75.98460218,71.60822713,32.83597907,15.77033679,35.55530895,24.71726548,62.85442719,66.6108887,175.215561
09:03.4,2346,1273,254,2233,450,210,26.07097136,75.94812516,71.58630343,32.83823602,15.77561852,35.55748299,24.69451755,62.81791755,66.56749176,175.2138516
09:03.4,2342,1267,259,2235,448,208,26.07097136,75.94812516,71.58630343,32.83823602,15.77561852,35.55748299,24.69451755,62.81791755,66.56749176,175.2138516
09:03.4,2343,1277,256,2230,448,210,26.07097136,75.94812516,71.58630343,32.83823602,15.77561852,35.55748299,24.69451755,62.81791755,66.56749176,175.2138516
09:03.4,2341,1276,257,2230,448,208,26.09304325,75.89690348,71.53823245,32.83863408,15.78171538,35.55827768,24.68162868,62.77178346,66.50451096,175.2312228
09:03.4,2340,1276,256,2233,450,209,26.09304325,75.89690348,71.53823245,32.83863408,15.78171538,35.55827768,24.68162868,62.77178346,66.50451096,175.2312228
09:03.4,2342,1273,257,2229,448,208,26.09304325,75.89690348,71.53823245,32.83863408,15.78171538,35.55827768,24.68162868,62.77178346,66.50451096,175.2312228
09:03.4,2343,1269,256,2231,448,209,26.11777844,75.84653458,71.48672099,32.83681333,15.788969,35.55748414,24.6789138,62.72554662,66.44327664,175.2462424
